Accuracy	AUC_macro	Precision_macro	Recall_macro	F1-score_macro
0.5174825174825175	0.8195719910152374	0.5192801259072043	0.5229856407855463	0.5058202611561953
