ID_sample	PCD Subtype	Probability_PCD-P	Probability_PCD-PN	Probability_PCD-NF	Probability_PCD-FA	Probability_PCD-A	Max_Probability
25-R	PCD-FA	0.007632962	0.06513038	0.030959748	0.8908133	0.005463641	0.8908133
350-R	PCD-P	0.9829804	0.005902777	0.0076415963	0.0029362745	0.00053903135	0.9829804
345-R	PCD-A	0.1139593	0.18786865	0.009801207	0.058747754	0.62962306	0.62962306
349-R	PCD-FA	0.0015568548	0.1725458	0.055527247	0.7586445	0.011725583	0.7586445
26-R	PCD-PN	0.01735281	0.7824733	0.030430788	0.13840124	0.03134179	0.7824733
27-R	PCD-P	0.7960207	0.112108774	0.024953771	0.020884013	0.046032846	0.7960207
28-R	PCD-P	0.91334915	0.049260225	0.022590447	0.0050643766	0.009735666	0.91334915
352-R	PCD-P	0.49737775	0.075995035	0.3420539	0.055267513	0.029305758	0.49737775
353-R	PCD-NF	0.000113681934	0.004431504	0.9942047	0.00092014024	0.00032999588	0.9942047
29-R	PCD-FA	0.0024357373	0.117742114	0.124870524	0.7513232	0.0036284728	0.7513232
351-R	PCD-A	0.03370304	0.04257844	0.0016259435	0.0097298	0.91236275	0.91236275
30-R	PCD-NF	0.02320176	0.003201842	0.9686844	0.0040704547	0.0008415669	0.9686844
73_R	PCD-PN	0.22217785	0.6387519	0.0048144255	0.0025402468	0.13171545	0.6387519
74_R	PCD-FA	0.14755368	0.063336305	0.13999437	0.5798414	0.06927431	0.5798414
75_R	PCD-NF	0.0014648732	0.039202828	0.8691599	0.08809094	0.0020814964	0.8691599
218_R	PCD-FA	0.0036867613	0.04611916	0.005839401	0.9125697	0.03178502	0.9125697
327_R	PCD-P	0.9605404	0.021946566	0.0012220324	0.015421891	0.00086908485	0.9605404
328_R	PCD-P	0.96625596	0.0029397337	0.0033721672	0.026859106	0.000573015	0.96625596
329_R	PCD-P	0.99527365	0.0026890344	0.000571335	0.0008879739	0.0005782057	0.99527365
40-R	PCD-A	0.0011924441	0.10449167	0.05255029	0.2558821	0.58588344	0.58588344
41-R	PCD-PN	0.00071371114	0.6283436	0.038784523	0.008373836	0.32378435	0.6283436
42-R	PCD-A	0.00042965947	0.009321675	0.0006126949	0.02191045	0.9677256	0.9677256
347-R	PCD-FA	0.08186578	0.048787724	0.11128545	0.7537952	0.0042658043	0.7537952
43-R	PCD-FA	0.0014600421	0.025261885	0.0668587	0.88427204	0.022147357	0.88427204
123_R	PCD-A	0.0027539555	0.07116547	0.010826499	0.009996478	0.90525764	0.90525764
48-R	PCD-P	0.9185657	0.02953627	0.00112894	0.0020348458	0.0487342	0.9185657
49-R	PCD-A	0.0038248561	0.016455155	0.014659194	0.0036708447	0.96138996	0.96138996
346-R	PCD-PN	0.0006353313	0.73912615	0.009942918	0.050833642	0.1994619	0.73912615
295_R	PCD-FA	0.0011466991	0.28276268	0.007644409	0.5178982	0.190548	0.5178982
50-R	PCD-A	0.00017002474	0.0017275069	0.00032692213	0.001141217	0.9966343	0.9966343
51-R	PCD-FA	0.0016787809	0.14765397	0.12047644	0.57145655	0.15873428	0.57145655
83_R	PCD-A	0.0007589854	0.007564459	0.00111932	0.0007545437	0.9898028	0.9898028
124_R	PCD-NF	0.22348998	0.02022884	0.7525394	0.0026138052	0.001128024	0.7525394
296_R	PCD-PN	0.0012518094	0.8965963	0.035192367	0.0025783041	0.0643812	0.8965963
330_R	PCD-P	0.7312545	0.101791166	0.1497478	0.013434045	0.00377254	0.7312545
331_R	PCD-P	0.60098475	0.20427929	0.1105893	0.0030206214	0.08112598	0.60098475
332_R	PCD-PN	0.0060445126	0.9607038	0.011241522	0.011326719	0.010683464	0.9607038
333_R	PCD-PN	0.14765468	0.41067362	0.055969488	0.36269766	0.02300454	0.41067362
58-R	PCD-NF	0.016796103	0.1476826	0.41778412	0.25087252	0.16686465	0.41778412
59-R	PCD-PN	0.0032784664	0.60203063	0.015185766	0.15297407	0.22653106	0.60203063
60-R	PCD-PN	0.0021507563	0.4587344	0.006018212	0.33821693	0.1948796	0.4587344
229_R	PCD-PN	0.0016043017	0.8127919	0.040092655	0.0062305154	0.1392806	0.8127919
354-R	PCD-FA	0.00045784173	0.020459432	0.0041957186	0.9734256	0.001461413	0.9734256
130_R	PCD-NF	0.0014912582	0.30842122	0.5879522	0.08208301	0.020052321	0.5879522
177_R	PCD-NF	0.00091913965	0.12525731	0.63877845	0.22092798	0.014117081	0.63877845
131_R	PCD-PN	0.17199406	0.28820607	0.07302596	0.28097817	0.18579577	0.28820607
66-R	PCD-P	0.9504085	0.016460722	0.015943503	0.0017264471	0.015460777	0.9504085
183_R	PCD-P	0.9637544	0.015153882	0.004692965	0.0016887006	0.014709927	0.9637544
132_R	PCD-A	0.06309265	0.37110135	0.027033634	0.010031167	0.52874124	0.52874124
67-R	PCD-NF	0.022238333	0.37150365	0.53208154	0.030191487	0.043985	0.53208154
133_R	PCD-A	0.053071804	0.12683769	0.008771816	0.040712796	0.7706059	0.7706059
91_R	PCD-P	0.5232557	0.2007176	0.17636375	0.02356696	0.076095976	0.5232557
92_R	PCD-PN	0.0077066263	0.51163155	0.4695614	0.00087999966	0.010220508	0.51163155
93_R	PCD-NF	0.0008418128	0.10638051	0.81284255	0.058549628	0.021385595	0.81284255
94_R	PCD-A	0.0002570236	0.005617615	0.00032670918	0.0012746138	0.9925241	0.9925241
95_R	PCD-NF	0.00041831975	0.017540827	0.9088724	0.069016546	0.004151972	0.9088724
96_R	PCD-P	0.97679156	0.0047935057	0.015082327	0.001630663	0.0017019405	0.97679156
97_R	PCD-FA	0.25193435	0.0735566	0.040733602	0.6097635	0.024011936	0.6097635
98_R	PCD-A	0.0005812646	0.009412187	0.00030490232	0.00067012187	0.9890315	0.9890315
99_R	PCD-NF	0.00074847706	0.087876365	0.8127681	0.09502679	0.0035803034	0.8127681
100_R	PCD-A	0.042529866	0.31318527	0.012387705	0.0052800877	0.6266171	0.6266171
101_R	PCD-A	0.024116576	0.2757326	0.20810506	0.1348616	0.35718414	0.35718414
102_R	PCD-P	0.7846208	0.066476926	0.083933346	0.0020841071	0.062884726	0.7846208
103_R	PCD-P	0.93748033	0.033370294	0.021200491	0.0017257831	0.0062230327	0.93748033
104_R	PCD-FA	0.07014879	0.21119216	0.28219277	0.41142792	0.02503836	0.41142792
134_R	PCD-A	0.028709287	0.13976014	0.028940745	0.021362444	0.7812273	0.7812273
135_R	PCD-NF	0.002014332	0.037676666	0.81586367	0.13677306	0.0076721977	0.81586367
136_R	PCD-P	0.94079393	0.026765475	0.020295601	0.0044067344	0.007738206	0.94079393
105_R	PCD-A	0.14359966	0.21776162	0.018270906	0.089793146	0.5305747	0.5305747
137_R	PCD-A	0.0010931165	0.1388753	0.002656139	0.023940505	0.8334349	0.8334349
230_R	PCD-NF	0.0008496458	0.014131596	0.9279216	0.05478804	0.0023090227	0.9279216
106_R	PCD-A	0.023190426	0.023478549	0.010609906	0.010221242	0.93249995	0.93249995
231_R	PCD-A	0.0018359653	0.21709675	0.039680287	0.042160563	0.69922644	0.69922644
138_R	PCD-NF	0.032655172	0.27756232	0.42905387	0.22496244	0.03576622	0.42905387
139_R	PCD-P	0.9559026	0.027080404	0.0055574835	0.007389474	0.0040701744	0.9559026
184_R	PCD-NF	0.023389876	0.06358212	0.8911929	0.007994602	0.013840486	0.8911929
140_R	PCD-PN	0.00060819514	0.8379842	0.007500267	0.016543502	0.13736391	0.8379842
297_R	PCD-PN	0.07320314	0.77128637	0.08807716	0.0054756375	0.061957587	0.77128637
232_R	PCD-A	0.0005868832	0.003057519	0.0004877544	0.0021275957	0.9937403	0.9937403
141_R	PCD-PN	0.00250661	0.62769866	0.0017830782	0.033371557	0.3346401	0.62769866
233_R	PCD-FA	0.0008653849	0.2688037	0.058380198	0.67000043	0.0019502651	0.67000043
142_R	PCD-FA	0.00326246	0.32749888	0.052057456	0.6012779	0.015903343	0.6012779
143_R	PCD-PN	0.0036423313	0.56931144	0.018890584	0.07524752	0.33290824	0.56931144
144_R	PCD-A	0.006619334	0.18154527	0.005367979	0.049746815	0.7567206	0.7567206
145_R	PCD-A	0.0038494635	0.0674681	0.0049192724	0.06242126	0.8613419	0.8613419
146_R	PCD-NF	0.0040345252	0.10455378	0.6788689	0.131727	0.08081578	0.6788689
147_R	PCD-A	0.07948245	0.15351899	0.16105436	0.022134162	0.58381003	0.58381003
235_R	PCD-A	0.0024008462	0.119378306	0.007608784	0.00781349	0.8627985	0.8627985
236_R	PCD-P	0.4983332	0.29562327	0.18904997	0.011467686	0.0055259173	0.4983332
237_R	PCD-A	0.0007551656	0.08797469	0.0019014959	0.00077021116	0.9085985	0.9085985
298_R	PCD-NF	0.0040015504	0.04384066	0.8506137	0.023473814	0.07807019	0.8506137
240_R_R	PCD-P	0.9816698	0.00413007	0.011772304	0.0019342651	0.0004936446	0.9816698
243_R	PCD-PN	0.001721166	0.5070547	0.021780543	0.46341243	0.006031075	0.5070547
111_R	PCD-NF	0.0013814621	0.23932697	0.7289716	0.0032788625	0.027041195	0.7289716
208_R	PCD-A	0.00073222705	0.15281588	0.00083845877	0.0009938331	0.8446196	0.8446196
246_R	PCD-PN	0.00048637288	0.8120212	0.0062081744	0.01638429	0.16490003	0.8120212
247_R	PCD-A	0.0015911252	0.31667957	0.0026933008	0.0013781678	0.6776578	0.6776578
160_R	PCD-PN	0.001743136	0.5073776	0.33843288	0.14264464	0.009801672	0.5073776
163_R	PCD-A	0.35524046	0.09635528	0.0021322034	0.0046592527	0.5416128	0.5416128
164_R	PCD-P	0.71251804	0.16413525	0.0649116	0.010432241	0.048002895	0.71251804
165_R	PCD-FA	0.0012530272	0.19742776	0.22623527	0.5681809	0.006902947	0.5681809
166_R	PCD-A	0.012121203	0.29587376	0.026096273	0.04656966	0.61933917	0.61933917
167_R	PCD-PN	0.009478159	0.63972485	0.039920203	0.023393612	0.28748313	0.63972485
211_R	PCD-A	0.03015343	0.082006425	0.01579188	0.005992812	0.8660555	0.8660555
212_R	PCD-PN	0.0009457069	0.795281	0.0137797315	0.015290812	0.17470284	0.795281
253_R	PCD-A	0.0003865904	0.19643703	0.007382733	0.0015537773	0.79423994	0.79423994
254_R	PCD-A	0.008594903	0.29336014	0.010537617	0.011020494	0.67648685	0.67648685
255_R	PCD-A	0.00071005226	0.088478744	0.00397028	0.004364618	0.90247625	0.90247625
256_R	PCD-FA	0.009039266	0.059529018	0.010875137	0.9023581	0.018198466	0.9023581
257_R	PCD-FA	0.007544631	0.33619717	0.07044684	0.53745633	0.04835506	0.53745633
258_R	PCD-NF	0.0017205343	0.012082277	0.9036531	0.07903362	0.0035104908	0.9036531
259_R	PCD-NF	0.0003411669	0.0018713863	0.99604934	0.0014588436	0.00027927777	0.99604934
260_R	PCD-NF	0.0009952588	0.0042962716	0.9917944	0.00086718774	0.0020467907	0.9917944
261_R	PCD-NF	0.0033947593	0.058976043	0.683983	0.024264554	0.22938165	0.683983
348-R	PCD-P	0.60943836	0.3587254	0.0032501484	0.02569075	0.0028952528	0.60943836
356-R	PCD-P	0.36567608	0.32046953	0.0019653426	0.19531333	0.116575696	0.36567608
262_R	PCD-NF	0.0011189417	0.07202707	0.5679491	0.012062699	0.3468422	0.5679491
263_R	PCD-NF	0.019443143	0.034831114	0.8659092	0.014015747	0.06580085	0.8659092
264_R	PCD-A	0.001151315	0.1678037	0.018384034	0.015975825	0.7966851	0.7966851
c8b12790-eaf5-4871-8d4d-7e6b0e9d3e61	PCD-FA	0.024422022	0.102045916	0.05065982	0.80765027	0.0152219385	0.80765027
c8154cb8-d29e-47f2-891c-d631f25ab41b	PCD-FA	0.018203957	0.2760612	0.20581768	0.44429073	0.05562644	0.44429073
d04691e2-a8d9-4842-8c83-11dde8b1d8d5	PCD-FA	0.0049708732	0.06783247	0.32698706	0.5976391	0.0025705227	0.5976391
0876c0fb-e616-434c-a9d7-baf8eec50f0d	PCD-FA	0.03867624	0.30367887	0.05466593	0.59773284	0.005246166	0.59773284
addabf29-b512-442b-8429-7f1c62b9f546	PCD-P	0.366939	0.2986478	0.24564528	0.058718424	0.03004947	0.366939
055b1980-0c7f-46f6-9e54-5c52da328296__f983075c-d5ea-41b6-b1cf-e030bc8ab095	PCD-NF	0.015051983	0.16313195	0.6613195	0.12357066	0.036925953	0.6613195
27a45295-d131-4995-a629-b38555f11d7d	PCD-NF	0.049847703	0.04526738	0.8409691	0.056084916	0.007830967	0.8409691
c9f5cfe7-4255-475a-a447-4925ca06df67	PCD-NF	0.0014777753	0.26761732	0.5314954	0.06813251	0.13127702	0.5314954
f7ea3163-5f54-47f0-bc3d-92b1e2d76135	PCD-A	0.00201663	0.00962179	0.0125977015	0.007390863	0.96837306	0.96837306
4968f9c6-87e9-45a3-a983-2579a8212735__b1b745e6-cae0-4623-b6c2-7fd515318b1d	PCD-FA	0.002203657	0.21219432	0.13266201	0.41978553	0.23315443	0.41978553
4229ad55-48de-4ebd-bd41-0c58878856c5	PCD-PN	0.087477006	0.52342874	0.23966122	0.0035714346	0.14586158	0.52342874
65647909-2a7e-4134-8aa8-8b856ae0533c	PCD-FA	0.0011180047	0.078275	0.12143046	0.79412544	0.0050511244	0.79412544
76f43710-768e-4529-887c-4854553241ea	PCD-P	0.9134033	0.04810915	0.010301159	0.0012604524	0.02692586	0.9134033
7abde899-54db-4308-840a-b532a4ff7d65	PCD-FA	0.00159733	0.035700385	0.009268079	0.82230294	0.13113137	0.82230294
6ccc231c-515e-491d-98f1-96dae81c8dc4	PCD-PN	0.065141566	0.8461216	0.056313217	0.024204284	0.008219185	0.8461216
e5d59176-fcd3-4164-ba43-276c7454ab22	PCD-FA	0.00061182893	0.04272487	0.046005864	0.90373194	0.0069255396	0.90373194
d6ec5533-e8b6-4a14-a455-cf81730938ad	PCD-P	0.9306461	0.026546126	0.028090151	0.003098134	0.011619472	0.9306461
fc256821-41c9-47f2-9957-4532e21a40cd	PCD-PN	0.17113656	0.6539491	0.089454375	0.016636908	0.06882318	0.6539491
e9dac183-b6d2-4cf0-a54f-537a8386d08f	PCD-NF	0.0058911294	0.10486516	0.49799174	0.34080088	0.050451025	0.49799174
197adde4-d1e8-48fd-b7af-4a72c4f33145	PCD-FA	0.00049645617	0.035326514	0.016195336	0.94273436	0.0052472064	0.94273436
feead7bf-e439-40ce-b1fe-23f06df0c5d6	PCD-P	0.77422464	0.1181574	0.027045177	0.046978626	0.03359421	0.77422464
1a0b436d-7609-402d-97f2-4fe4544f8f84	PCD-FA	0.0014168675	0.1423747	0.07012336	0.7102041	0.07588094	0.7102041
eeaa8593-c34d-41cb-8b29-f5989cbfcadd	PCD-A	0.0017124496	0.3064673	0.0024337426	0.0021465898	0.68724	0.68724
90d501c9-8c51-4490-88f7-96186c4aa42e	PCD-A	0.0016239225	0.16617759	0.049011085	0.0066361795	0.77655125	0.77655125
0aca2c39-1330-4638-836b-e343321aa69f	PCD-A	0.0010354691	0.006235343	0.0006335831	0.009308092	0.9827875	0.9827875
10d6a8b3-a2e1-4428-9091-8d4085e5abc6	PCD-PN	0.049802206	0.769636	0.08047347	0.0964081	0.0036802834	0.769636
bad95903-cb7a-4db5-988a-c4d5c3135ec8	PCD-P	0.52649474	0.07056899	0.38416708	0.005240582	0.013528608	0.52649474
16f68636-f432-424b-b6b9-862598fd4c9f	PCD-NF	0.37513566	0.15376903	0.38607624	0.03918474	0.045834374	0.38607624
deebc8ef-52d4-43d0-8739-194383726bb6	PCD-FA	0.0017325437	0.28908297	0.010163365	0.68782246	0.0111986	0.68782246
6b44d622-a6a9-4296-aa26-d782c23a57a2	PCD-PN	0.23118633	0.5666185	0.12601937	0.006337383	0.06983843	0.5666185
51569702-1a49-4646-8f35-1ea84d3411a1	PCD-PN	0.0034862862	0.5131889	0.19381697	0.13395528	0.1555525	0.5131889
fe3fff51-2a05-4fb7-8f59-dcd1173a4f52	PCD-FA	0.0022293688	0.032359656	0.008704606	0.9393094	0.017396888	0.9393094
c5148c96-4b2e-4980-9276-ad2ccedb3e2b	PCD-PN	0.07143949	0.7364574	0.08315739	0.10263535	0.006310371	0.7364574
da4334cc-2278-47fb-8e01-451cf0f95721	PCD-A	0.009951603	0.16124308	0.19490948	0.02182116	0.6120747	0.6120747
8b43df4e-a063-4c53-b48b-74b6048771f1	PCD-A	0.0024542685	0.25930065	0.14583533	0.1188374	0.4735723	0.4735723
a9ec9457-87b5-434d-b540-aea93b9fbfd0	PCD-P	0.84148717	0.14768472	0.0043630907	0.0034009577	0.0030640673	0.84148717
23e93ffa-925b-48a7-9589-7708ffc03d10	PCD-P	0.53279	0.118642256	0.01642212	0.0073011713	0.32484448	0.53279
e2850021-f01b-4529-a99f-9e2d485f73b0	PCD-A	0.02383701	0.06242267	0.10441639	0.2617933	0.54753065	0.54753065
89ee14e8-c27e-4bb9-b03e-59a79381ed75	PCD-A	0.124596745	0.12656274	0.22426814	0.019969353	0.504603	0.504603
9074871a-34eb-4db3-af1b-b7a3811f1c5c	PCD-FA	0.0028147828	0.20182022	0.031030428	0.637377	0.12695755	0.637377
5e4fdbff-ddcc-4ec0-ac4b-258f448aa716	PCD-A	0.15977576	0.051437736	0.0039713946	0.0015792123	0.78323585	0.78323585
d6b39b65-979c-41ad-a640-c254a36073ae	PCD-FA	0.009884033	0.046003833	0.17935798	0.7394057	0.025348445	0.7394057
f3925dad-54f8-4eb7-afaa-f4efb43bf36e	PCD-P	0.5595431	0.01824453	0.3619144	0.022029525	0.038268525	0.5595431
04612cb9-d226-417c-8917-a0a2cc549e5b	PCD-A	0.0015807437	0.38809848	0.008352756	0.002324244	0.5996437	0.5996437
659f33cb-e0f2-456a-9dff-39c33c39767c	PCD-A	0.22638655	0.20062011	0.048266556	0.035812244	0.48891455	0.48891455
510a0fea-8dda-4e77-b688-f9cb3bcd3d8b	PCD-PN	0.0035663722	0.63383704	0.33994988	0.016780956	0.005865641	0.63383704
1b5f3393-9f11-4f6f-bcee-d1a1c91ba555__f84146d3-b67b-498e-8350-d8b22257b530	PCD-FA	0.0011796409	0.0884699	0.20553122	0.6859108	0.018908354	0.6859108
9ccc833c-363a-49da-9376-e081efd8873e	PCD-FA	0.0006280831	0.05038031	0.040956844	0.9047439	0.0032908295	0.9047439
eedf6c37-be48-4eb6-a90f-8de19c657541	PCD-PN	0.0012522909	0.5598843	0.13858323	0.13232735	0.16795285	0.5598843
30c2ee8d-7311-4c83-a827-4cd6a11499b1	PCD-A	0.0014699019	0.081340685	0.010257489	0.074432194	0.83249974	0.83249974
1c816bd4-c380-4342-aa25-c0cb0cd39447	PCD-PN	0.12561332	0.43145275	0.39989516	0.025486197	0.017552653	0.43145275
5493b265-dd8d-4621-904b-4c815ca980f2	PCD-P	0.6625714	0.15106781	0.034637474	0.0027927859	0.14893053	0.6625714
6deebfd0-1357-4c38-8268-ad2fbc85bead	PCD-PN	0.012229086	0.7420051	0.053447247	0.16993545	0.02238316	0.7420051
644ea9d2-e497-499a-a580-472489553f9f	PCD-A	0.001431097	0.0019912163	0.0012195265	0.0054052197	0.989953	0.989953
17d341dc-cc7f-4efa-9725-3974b1c5efd0	PCD-A	0.0029464131	0.004396501	0.0010236179	0.00074141694	0.9908921	0.9908921
22809d8b-fe81-4e5c-9c5a-9a58f5f53e92	PCD-FA	0.0024627175	0.20152476	0.014295492	0.71141076	0.07030623	0.71141076
c9fde988-dd85-4476-98e6-f485d8a0efb1	PCD-A	0.0017754072	0.070422284	0.020934558	0.0036054284	0.9032623	0.9032623
d348aec0-d9cd-4e39-a1cf-546c73c5c286	PCD-FA	0.25918728	0.10421395	0.23344122	0.26140988	0.14174768	0.26140988
46cdd3b9-032b-4a1c-b2c0-fdda6401d1e4	PCD-A	0.058093894	0.0962722	0.03413998	0.15022656	0.66126734	0.66126734
7d8eb85d-8617-4736-93be-4d5711d16e9f	PCD-P	0.65722346	0.042344067	0.014930308	0.002641527	0.2828607	0.65722346
dab1d0d1-3eec-41d6-96ba-8f16cc3e60f5	PCD-A	0.03733284	0.009183105	0.0010800114	0.029003512	0.9234005	0.9234005
a92d0378-51cb-40f7-860c-52a3d11aed4f	PCD-P	0.4918258	0.023068886	0.002290176	0.0017516405	0.48106351	0.4918258
f0218576-ada3-47fb-978e-3d07f4d07666	PCD-A	0.2783437	0.06373846	0.050800323	0.20370086	0.4034166	0.4034166
10ffd10d-f551-441e-a287-baf9263013c6__1994eb7f-2975-4444-aee6-7f568a06f1f1	PCD-NF	0.0013838146	0.26575032	0.6980074	0.01938876	0.015469743	0.6980074
27f9335d-c493-4290-a385-056e9afaa2e6__6cff0345-97ae-4198-b413-72fcafe094ee__fcbf0a05-def0-4461-9e08-ec53e30197cf	PCD-NF	0.0057635247	0.41801226	0.4384483	0.12856677	0.00920913	0.4384483
b76720db-8d47-4c95-8b4b-b51ff66da8be__c40bf848-8c4e-43cb-98d2-2820c621e2c8__eb2b29db-2b40-44b2-8e2e-d83ff4b9dd96	PCD-NF	0.0057933102	0.12047716	0.86790335	0.0023521683	0.0034739762	0.86790335
235a0f98-339c-498d-8452-accd9554f67d	PCD-A	0.0010903509	0.058935616	0.019579517	0.1900441	0.7303504	0.7303504
476bb58d-18bd-4c6b-b6b1-b68782697ed4	PCD-FA	0.0016502212	0.056348044	0.01750276	0.9106372	0.013861769	0.9106372
a3dc1947-6593-41d1-ad10-90ed193a638b	PCD-PN	0.21053307	0.4356292	0.15767059	0.0020952788	0.19407183	0.4356292
503d1031-c06c-4a1c-9558-25b799595d56	PCD-FA	0.0013531587	0.12074521	0.010154164	0.7087425	0.15900505	0.7087425
c6ecab9f-2e5e-45ef-8ae0-a17414a8334c	PCD-P	0.9390427	0.049843624	0.00642404	0.00070531404	0.0039842566	0.9390427
e65b4a25-b2eb-47cf-b01a-a3164f687520	PCD-P	0.68402916	0.098772325	0.008742002	0.003949282	0.20450716	0.68402916
564fc785-4328-42a1-bb05-2c1558aeeb08	PCD-NF	0.109788224	0.022188501	0.8332104	0.008366469	0.0264465	0.8332104
c43c4d5e-a8de-46a8-9ae9-f0146341c6d7	PCD-A	0.0130720185	0.0039353534	0.0048777414	0.0025883422	0.9755265	0.9755265
b0765dde-9bf8-405b-80a5-eaab76c77a30	PCD-PN	0.28017613	0.6085835	0.007566493	0.0017887817	0.10188517	0.6085835
57826b73-baf2-4421-8358-2ba5d540ab2c	PCD-P	0.88713384	0.08902478	0.010989469	0.0026536256	0.010198351	0.88713384
f595cc43-0d41-4720-aa34-a6639ec83a01	PCD-P	0.46767536	0.17887661	0.072998695	0.007666036	0.2727833	0.46767536
10cbb9fd-26e4-43f7-b999-7eba8f2d65ec__9e7a68c4-1472-417c-a0d4-c84c4c61ce4b	PCD-NF	0.0007853767	0.3489818	0.64257914	0.00093711837	0.006716466	0.64257914
6787083c-d663-41d2-a293-ef838432a066	PCD-A	0.080120906	0.2326319	0.010744638	0.004515844	0.67198676	0.67198676
9b21a964-5c0a-4ad6-84a1-87555bf7d195	PCD-FA	0.0020330888	0.2354463	0.025662336	0.7071432	0.029715067	0.7071432
7f941f9f-b155-4d44-b3d2-6c01b076ac00	PCD-FA	0.06723758	0.35243198	0.088006616	0.39541462	0.09690924	0.39541462
cf3b68e8-4fea-46a4-b0bf-85f0619bebdb	PCD-A	0.0011100317	0.1384138	0.004304896	0.0011709249	0.8550004	0.8550004
3b8d9f6b-e030-43ce-80d0-df0d527960ca	PCD-PN	0.007308386	0.79972893	0.11415252	0.06828311	0.010526995	0.79972893
e6efeeda-c61f-4243-ab9c-9138ced0f9aa	PCD-PN	0.010309495	0.6573921	0.026467394	0.12317381	0.1826573	0.6573921
5d5fbdae-7b3e-4b91-85d8-b3ee4c7cb3df	PCD-FA	0.013284292	0.048875872	0.10914926	0.65796345	0.17072715	0.65796345
774af7f2-5a53-4fff-88e4-d44cb05e1494	PCD-FA	0.20685978	0.3157752	0.04445436	0.35022533	0.0826854	0.35022533
d26c2302-61f3-48c9-a7f3-53e383d24b19	PCD-P	0.74131167	0.18928082	0.0053488067	0.0009503726	0.06310828	0.74131167
a65b241c-2559-4848-a0f7-c72cf6d63ddd	PCD-PN	0.051247977	0.5619278	0.20836608	0.16065058	0.01780756	0.5619278
95d9801a-70f0-49e2-86d6-a78af6738e59	PCD-P	0.8451763	0.10475356	0.02896936	0.0148357805	0.0062650414	0.8451763
921cf871-f3ea-44f2-b0ef-4dede9a661b3	PCD-FA	0.0013117994	0.36476657	0.0350693	0.44194856	0.15690377	0.44194856
955ffc68-b2b8-4629-bc30-604e8cf80c5e	PCD-A	0.1046861	0.17897521	0.023952952	0.0047227778	0.68766296	0.68766296
4a2414fa-67c1-4faf-a3ec-5a99d8ef15a3	PCD-A	0.0003932174	0.053099804	0.0024425287	0.006890793	0.93717366	0.93717366
8999c6df-b66b-4749-97c1-f3b75697b37d	PCD-A	0.025153877	0.070298955	0.00056037813	0.0014132627	0.9025736	0.9025736
2a174de8-cf21-4dbf-b601-ea9b710866bc	PCD-P	0.5033819	0.17115737	0.04611461	0.014661352	0.2646847	0.5033819
6f56d3a0-5c29-4956-b02a-8636957c94f3	PCD-PN	0.001611894	0.4886531	0.42411295	0.019484805	0.06613723	0.4886531
6e0a71a6-2169-4c63-a0b5-5466ae1d8d8e	PCD-PN	0.0023832947	0.66967106	0.10799511	0.012583568	0.20736696	0.66967106
a7d2ad6a-b457-4385-b39e-57d6effb7d19	PCD-NF	0.023984974	0.1758802	0.7085609	0.08677488	0.004799063	0.7085609
6f44643e-b8d8-42bc-92c4-07329ab238ea	PCD-A	0.0077847326	0.15856004	0.0059093586	0.03371264	0.7940332	0.7940332
b104b358-745c-4123-9113-9d32f17004e3	PCD-PN	0.009483436	0.5108451	0.3928753	0.04605103	0.040745065	0.5108451
9b83331a-4bac-43a5-b745-ae320393520d__ea527177-f384-49ae-bf04-9d639dd11f5a	PCD-A	0.006306266	0.0105986325	0.0007673048	0.0017732653	0.9805546	0.9805546
72df0fc1-a281-4325-9cf8-9a66808bd1eb	PCD-A	0.00036174752	0.009604077	0.009916057	0.005538325	0.9745798	0.9745798
9c039399-91c5-4779-a266-93fa3e03e03d	PCD-PN	0.06001638	0.6480456	0.10296116	0.062601775	0.12637514	0.6480456
7b0a1ef2-aa4c-4046-a1b5-9a02fb3aa205__8a6efbf1-cb9b-474d-8a67-11747f0dc84e	PCD-FA	0.0010919503	0.090040825	0.062804036	0.81976414	0.026299013	0.81976414
fe3dea76-3ac8-4e45-80c5-6c2b0c9077d7	PCD-PN	0.004448654	0.46571353	0.17608006	0.3157784	0.037979357	0.46571353
e267b485-8da1-42aa-8686-4057bc718d4b	PCD-NF	0.0022221503	0.14273682	0.6341689	0.20783524	0.013036901	0.6341689
3d608887-c507-4378-8222-b30e7107fc00	PCD-A	0.0010192432	0.17940176	0.0073165344	0.0033726871	0.8088898	0.8088898
d9976d69-ead1-4b60-ad9d-be92238bc853	PCD-FA	0.0017380533	0.055876523	0.36794525	0.5364654	0.037974764	0.5364654
31148433-20ee-4d91-99d1-527bf6d6a2ba	PCD-A	0.0028334663	0.17365044	0.2721284	0.0042369175	0.5471508	0.5471508
95bba73b-f215-4b5c-8183-9928d9d511ff	PCD-P	0.54735047	0.057224058	0.2823158	0.102488585	0.010621117	0.54735047
5bf103f3-22fd-4281-b713-24811af772a5	PCD-NF	0.05968106	0.1676969	0.51775795	0.24340212	0.011461971	0.51775795
49053342-efd4-4e02-9362-95bdb0713bb9	PCD-NF	0.00053402316	0.16807237	0.80678284	0.02111689	0.0034938746	0.80678284
01ed0193-216c-40b1-bdf9-3a8a56f972ae	PCD-NF	0.148091	0.16727221	0.59332925	0.06186935	0.029438158	0.59332925
8d27ac05-2511-41ba-b3e4-181d77587d89	PCD-A	0.0010622736	0.12321616	0.0010001827	0.0012225062	0.87349886	0.87349886
11f83251-f6ee-4433-b23a-13508f6460a1	PCD-P	0.5714501	0.18986817	0.010973728	0.005581321	0.22212662	0.5714501
48d26e2e-0e14-4369-ad2f-290ab9138583	PCD-NF	0.003630228	0.058848925	0.7623325	0.16973297	0.0054553794	0.7623325
978b40fd-f4a9-4cdd-82a0-5e34bc5a1b58	PCD-A	0.17564067	0.2098586	0.03862558	0.019208869	0.5566663	0.5566663
9deb7a6b-72dc-47f1-98a6-de492c43fa68	PCD-A	0.01583992	0.0068970574	0.00037481415	0.003752702	0.9731355	0.9731355
b929b222-7355-476e-8718-766dcb5c04b7	PCD-A	0.0015699159	0.14490962	0.33169183	0.064878814	0.45694986	0.45694986
915c8e6b-8060-4c43-b1b7-1985244fb174	PCD-P	0.7227525	0.04119514	0.02388632	0.034236412	0.17792967	0.7227525
d48924d0-6757-4d9c-aed4-d92459a370f6	PCD-PN	0.0025848593	0.6377547	0.17147823	0.0053738263	0.18280837	0.6377547
517c3923-0ab4-443e-a72d-96b4bfe731c4	PCD-NF	0.0015153936	0.04942228	0.844538	0.010240049	0.094284244	0.844538
b9603cd7-40be-4952-93dd-76631666c251	PCD-FA	0.0071210414	0.06959215	0.10827962	0.8036076	0.011399585	0.8036076
de8493f8-9416-433c-af3c-a50bd44afcc1	PCD-FA	0.0103049325	0.13921796	0.09311356	0.74510705	0.012256506	0.74510705
ef4bbe7e-d06f-46b8-8161-c55b24262446	PCD-FA	0.33958375	0.10784418	0.05172427	0.48004946	0.02079836	0.48004946
42ed3c50-13bf-4e42-8282-0cea57c60996	PCD-A	0.004114681	0.0063838307	0.0007844016	0.06346901	0.9252481	0.9252481
b3bace22-0c0d-4466-bf43-0445f90fbdd9	PCD-FA	0.0006960478	0.116681196	0.020678693	0.8399363	0.022007717	0.8399363
260e0851-37da-4a2f-a136-6016bc7c2fa3	PCD-A	0.00037508024	0.01491521	0.0067790104	0.007252577	0.9706781	0.9706781
38d4bd5a-adc4-456c-9c52-6c4bb35e83d1	PCD-A	0.03340325	0.037281107	0.0065270183	0.0058417795	0.9169469	0.9169469
18f23b20-a975-47e4-942c-7c246f9ff91b	PCD-NF	0.04937828	0.40403834	0.5148803	0.0042016273	0.027501492	0.5148803
30448a94-f4c3-48b9-8ecf-210c6b1e263e	PCD-P	0.7895163	0.10535181	0.0854211	0.0037795485	0.015931118	0.7895163
0bd263a3-de54-4514-874b-a834d0508eef	PCD-NF	0.0035185332	0.4137329	0.4845279	0.01708262	0.08113806	0.4845279
40e1b971-b805-4b71-b610-c436ef50a02f	PCD-P	0.48388946	0.12783584	0.08413371	0.29252103	0.011619938	0.48388946
861c14c7-4d35-4fcd-bdc8-69b49dd560f0	PCD-PN	0.0011181844	0.63923913	0.3235954	0.033821728	0.0022254947	0.63923913
7895db93-aba6-4caa-9122-6d315808cb8a	PCD-FA	0.009523084	0.040839046	0.20985691	0.6905697	0.04921118	0.6905697
6d9b8c32-9211-433f-b2d8-d4a121481203	PCD-PN	0.007080731	0.62266445	0.23961394	0.094109625	0.0365312	0.62266445
2e6c00dc-2bb3-4d56-8d9b-b6e20adfa1f1	PCD-PN	0.05693469	0.52092797	0.36229286	0.057826243	0.0020182114	0.52092797
6464fff6-85fb-402e-9d9b-b8d29ecd772d	PCD-FA	0.047596242	0.20514897	0.119235985	0.6208372	0.007181624	0.6208372
f19f7c3f-795b-41cf-b632-dfdd9d53e8cb	PCD-PN	0.17283441	0.65153253	0.13410312	0.036221787	0.0053081354	0.65153253
fc840a34-752e-4dd5-9512-d567b6ddf71c	PCD-FA	0.13992515	0.21900824	0.021881556	0.4725133	0.14667177	0.4725133
66364fc1-5e9f-49ec-9fcc-12f0e547c87c	PCD-PN	0.0028687275	0.40901324	0.19805585	0.36820185	0.02186038	0.40901324
babf88e0-1797-4e2b-adf4-2327be343cf8	PCD-A	0.00052914204	0.008791273	0.0021220122	0.077378616	0.911179	0.911179
6b4ca01c-c6c6-4cbe-9cb5-bece8f5704d8	PCD-A	0.0019740497	0.17782174	0.005381703	0.0018827661	0.8129397	0.8129397
937e8fdf-2374-4ce6-9a6b-9f997e23ad4d	PCD-FA	0.0025093262	0.27006084	0.2023599	0.51398796	0.011081998	0.51398796
e4622ef1-a3f3-4d9e-92a5-e244bbfa781c	PCD-NF	0.0029421747	0.12208819	0.7138993	0.013571739	0.14749861	0.7138993
36d3290a-b54e-4a1c-9b1d-f0ca78ac60ed	PCD-PN	0.009453332	0.8555317	0.09326878	0.0015302025	0.04021601	0.8555317
8b48233b-2e99-4e90-884f-69f7daf3cd85	PCD-NF	0.01232638	0.42966616	0.5043279	0.02379115	0.02988843	0.5043279
8039a49f-0688-432c-918b-0f3f9d3e8ec2	PCD-A	0.015105132	0.007873692	0.00046369465	0.00058790104	0.9759696	0.9759696
d2f9e322-5b2c-46f9-b3f3-b64e1489b177	PCD-NF	0.07607729	0.08600753	0.54060066	0.08022939	0.2170852	0.54060066
4266ecc1-795a-45eb-b5ab-a4285a5f8753	PCD-P	0.6931123	0.098464265	0.16256563	0.033249184	0.012608646	0.6931123
86007757-f482-47a0-82b9-506d5d9a275b	PCD-FA	0.005380364	0.18666175	0.1929489	0.60850704	0.0065019303	0.60850704
4591a53d-5668-4a70-b44b-e08a3d59267e	PCD-NF	0.062246084	0.21299101	0.67601746	0.041209012	0.007536357	0.67601746
984109ff-a992-4233-8b66-c24a0a2cfa08	PCD-A	0.0016486867	0.08317502	0.00030311398	0.0011377365	0.9137355	0.9137355
c216d883-4767-4659-965c-1b5b340b606f	PCD-P	0.918768	0.011029059	0.066828184	0.0022683032	0.0011065892	0.918768
07f62332-1eee-46f5-af27-21b92bc416e3	PCD-FA	0.0046020187	0.04103907	0.005844544	0.9386819	0.00983234	0.9386819
baeaf28a-7619-43ea-8440-fc8e54ca3150	PCD-PN	0.044301257	0.8618335	0.003695091	0.0075780363	0.08259216	0.8618335
a1a06007-fa8f-45cd-ba70-c1d0a14c208b	PCD-A	0.012517955	0.31965265	0.00062607456	0.0020461152	0.66515726	0.66515726
8ae94817-6e9d-4df0-9e20-ae4b034b4962	PCD-A	0.0013189086	0.018113947	0.001951434	0.0026422837	0.9759734	0.9759734
a1a54e1a-7b98-419d-ac26-63ae22ea3620	PCD-A	0.0019123005	0.3785453	0.0485389	0.038800776	0.53220266	0.53220266
779f4904-9e19-409a-bc09-a729877646c6	PCD-A	0.0013119614	0.2466187	0.0020434384	0.0007650952	0.74926084	0.74926084
f9b6fd25-7ae4-45ff-bf3f-e4060efe7ac7	PCD-A	0.004225774	0.016810363	0.05055896	0.004613885	0.923791	0.923791
29396e38-27d4-49e1-b0b8-1e8db7dc45ae	PCD-NF	0.052170597	0.08651191	0.65132916	0.2058418	0.0041465443	0.65132916
3bab57fc-7661-489e-80cd-1b70f5f6d128	PCD-A	0.005927597	0.06507702	0.010526486	0.17383695	0.74463195	0.74463195
db874cae-5da2-44a4-b591-df37c8a4e33e	PCD-P	0.8767365	0.018553628	0.099686265	0.002590778	0.0024327594	0.8767365
c058bf93-3aa5-4a87-974a-9936736c84fd	PCD-PN	0.08882905	0.6822946	0.034766354	0.023173206	0.17093675	0.6822946
5c2a012d-2113-41e3-8eb0-6944c790363f	PCD-A	0.02024974	0.018967126	0.0018061221	0.0012562394	0.95772076	0.95772076
7b12edaf-0d99-4cf2-950a-8d0cae1500a4	PCD-P	0.9248803	0.06054395	0.0037200265	0.0017671607	0.0090886	0.9248803
add6e7d1-03ce-479c-bdd4-f39866357324	PCD-NF	0.016995888	0.3118389	0.56337667	0.02237444	0.08541409	0.56337667
0b780f0b-eedb-4d82-b24b-26d21c4455ba	PCD-NF	0.016807843	0.09711563	0.7777833	0.09884379	0.009449499	0.7777833
deae7e20-a45c-4bcf-b5d1-c59ec0a97a2d	PCD-PN	0.00062567036	0.9566843	0.011220841	0.025309987	0.0061591207	0.9566843
9cec7514-2461-4666-a722-221465b25c7f	PCD-PN	0.00073258515	0.9278359	0.011778482	0.04563573	0.014017347	0.9278359
f00c43ea-35be-4e90-8854-8c03cbc46b50	PCD-P	0.60008305	0.17613249	0.0053103697	0.005059214	0.21341494	0.60008305
a697d24a-7baf-48b0-9494-c75661b01db1	PCD-A	0.008951959	0.24388829	0.0052091773	0.0028138678	0.7391367	0.7391367
5739f899-065e-4a76-85fe-a6191e99be28	PCD-PN	0.014721959	0.3727481	0.28617823	0.056552827	0.2697989	0.3727481
b1740653-9043-4e40-955b-5a6e348a0a9f	PCD-A	0.0016713319	0.08404863	0.00035424012	0.0010260098	0.9128998	0.9128998
54e96ff3-c813-40cd-80c9-5a64bc0027eb	PCD-A	0.0456665	0.12718591	0.0029580002	0.0014909534	0.82269865	0.82269865
8afb4e36-d73f-4c2b-a3a3-2ac922ad2e97	PCD-P	0.8924858	0.013015384	0.0051893466	0.003115095	0.08619443	0.8924858
fcaba096-2f2d-4611-8feb-2a55d6b0fa1a	PCD-NF	0.040964425	0.18117988	0.5357769	0.10554341	0.13653535	0.5357769
ce7723b5-9182-4e56-860e-3655d873692b	PCD-P	0.63899726	0.14202555	0.028202156	0.005641766	0.18513328	0.63899726
0420dc35-d0de-4090-b184-89cc7d04680f	PCD-A	0.0020979156	0.07999613	0.02170872	0.020917758	0.87527955	0.87527955
70cf560c-06ba-41f3-9e72-8687513afded	PCD-PN	0.0057621235	0.6618219	0.06369953	0.038129557	0.23058686	0.6618219
bc1f7be1-a227-4656-94ad-6a9e83069924	PCD-PN	0.07122946	0.6409014	0.0037963854	0.015777912	0.26829493	0.6409014
523f34bc-abab-4477-a6b1-3f994d29d320	PCD-PN	0.34294683	0.36979297	0.23453875	0.013165526	0.039556	0.36979297
608d55a4-3041-4f97-a776-ba5a39f5f282	PCD-P	0.96260846	0.016466301	0.00446709	0.0065504233	0.0099077625	0.96260846
790912d7-2810-4c9d-9073-44a361f69273	PCD-A	0.0078620985	0.05540949	0.006472761	0.046154767	0.88410085	0.88410085
bf27a624-3523-41f8-ab24-4dd700c60824	PCD-PN	0.085390754	0.46397507	0.020026943	0.011221927	0.41938525	0.46397507
3d1e938d-1803-4f0c-ba46-aaec4157e6b7	PCD-PN	0.09397239	0.7471456	0.020451788	0.0053682346	0.133062	0.7471456
7de76da0-2f74-40d9-98ed-880377ac8acd	PCD-A	0.0019662315	0.10941535	0.0037825303	0.02909322	0.85574263	0.85574263
92424f8a-ab0f-4fb6-b1ef-56906e9b7572	PCD-NF	0.0033204532	0.22117862	0.46859962	0.010254501	0.29664674	0.46859962
ba585cef-1536-4a55-bf8f-06cf2d34b451	PCD-NF	0.0015681614	0.00948518	0.9451959	0.04261622	0.0011345654	0.9451959
81f71020-5110-4d6c-a461-4c2909db5f0e	PCD-PN	0.019836834	0.5963313	0.034176726	0.0061945072	0.34346065	0.5963313
8913f776-fd7a-4345-9ced-bda1a2496b33	PCD-FA	0.003052206	0.04095275	0.005606675	0.9475745	0.002813876	0.9475745
b810329d-ed2e-43ff-8f6e-1fc47139d523	PCD-PN	0.0019949097	0.43801296	0.23762108	0.02509094	0.29728004	0.43801296
fb1066e1-d9ec-44e0-89c6-57f5b77f099c	PCD-PN	0.0029476918	0.70002145	0.1282954	0.008816335	0.15991919	0.70002145
7a4ef07c-dd9b-497a-b088-bf3f2ec38132	PCD-PN	0.00476731	0.36674935	0.14689727	0.36347508	0.118111	0.36674935
e10d2ef8-b134-4929-9d01-756e3419d452	PCD-A	0.039364096	0.15527953	0.016815476	0.099662445	0.6888785	0.6888785
9796fbb4-b7c3-4b49-96a5-dd727e8a49cc	PCD-A	0.062188145	0.20823893	0.070437506	0.07163965	0.58749574	0.58749574
e0dab8ee-9d6e-4a1d-bf3e-602dfd262baf	PCD-PN	0.0015435206	0.8197745	0.005137924	0.03177502	0.14176908	0.8197745
35b3477a-8814-4f40-ae47-7b40992e1a0f	PCD-P	0.46071866	0.056385145	0.01593057	0.44907328	0.017892329	0.46071866
a6e3f038-7c41-4961-8833-3f9382d07281	PCD-A	0.0004601329	0.004075741	0.0008820774	0.0018075267	0.9927745	0.9927745
220b6505-51f5-4c89-a96a-a9d35d019524	PCD-P	0.87053955	0.01647223	0.002934242	0.0023098635	0.10774403	0.87053955
47ca2331-a860-44ca-a069-e2b2aea76a3e	PCD-NF	0.0010037672	0.044369563	0.9113847	0.042130213	0.0011118047	0.9113847
0e9ebb02-7b2c-4c01-9d7e-af9d0e5e68fc	PCD-PN	0.004890682	0.62272763	0.21494672	0.11049544	0.046939593	0.62272763
93c796e1-7ccb-468a-9b1a-e3da63b9ede5	PCD-A	0.0077401153	0.03292456	0.007395304	0.03968493	0.9122551	0.9122551
87d455f6-4be6-4f79-b343-c4efbbd3f707	PCD-NF	0.0016033241	0.26499534	0.45850205	0.2127569	0.062142387	0.45850205
a6ede44d-0206-4fc6-9888-2dea75a5cf46	PCD-NF	0.011204223	0.28767866	0.5642372	0.12711082	0.009769013	0.5642372
b67a10a4-1866-44a2-bb68-1a8ec8652427	PCD-A	0.021790875	0.008768116	0.00087110314	0.0010151984	0.9675547	0.9675547
9debf573-6376-42d9-92f2-05200440a896	PCD-FA	0.20061177	0.21135113	0.03188981	0.4869377	0.069209576	0.4869377
bd5b96f6-b570-4ee8-b2e1-0131515cc980	PCD-PN	0.0020262487	0.6209073	0.008599542	0.014955699	0.35351124	0.6209073
331b4168-af74-44c4-9c2c-235b295a32aa	PCD-PN	0.0038117317	0.5430698	0.24074209	0.1868437	0.025532799	0.5430698
c6cb701b-98e7-479b-858d-48725a02f55c	PCD-NF	0.018138664	0.34719113	0.5983915	0.017979644	0.018299207	0.5983915
0d7a2e99-e3c0-4b06-8109-24f3b7b5cdcb	PCD-A	0.038028963	0.09781047	0.025520746	0.008297721	0.83034205	0.83034205
b8952cfa-68f7-42da-a6fb-aac4357e0813	PCD-PN	0.00021485609	0.75554776	0.24130356	0.0008639498	0.0020699915	0.75554776
c592c1c2-b8c8-42b8-867e-79208cb14155__db794355-9d14-4917-ac65-fccf0951ef4b	PCD-FA	0.0023361472	0.26486266	0.041664388	0.66860235	0.022534467	0.66860235
68de0994-c58e-4042-9b8d-863f798171b3	PCD-A	0.057929877	0.014985144	0.002694404	0.0055689714	0.91882163	0.91882163
4c8f9392-2b64-4ef1-a6f2-db31e3f2b02b	PCD-FA	0.0024143064	0.32311204	0.010687102	0.65518963	0.008596894	0.65518963
42fd6f25-8f43-4ff2-844e-d99ded7c3598__cb11fd26-37ba-4dad-83f3-99c05588bf77	PCD-P	0.4787951	0.17772974	0.002748432	0.06513083	0.27559587	0.4787951
905cfe23-4855-4707-8072-2eccbb0a40cd	PCD-PN	0.009688886	0.9094439	0.033846926	0.044103637	0.002916634	0.9094439
452348e2-ee6d-4acc-a373-a391bfc08bb6__a4285cdd-0ee4-451a-a054-29ec853e6078	PCD-PN	0.030100007	0.5785698	0.022737605	0.012301118	0.35629135	0.5785698
a26f1b10-922f-4386-bfb2-5a050e4a513f__c7c01f70-d216-404a-b3b1-f5a7593a31d1	PCD-NF	0.0008762296	0.02314096	0.6862193	0.28434655	0.005417066	0.6862193
3fa5aa04-7cd2-4ca9-a78a-8102f3300f0e__af00a999-77f6-4722-8f2a-caf51871a566	PCD-PN	0.0017396684	0.5715148	0.001083818	0.0008007987	0.42486092	0.5715148
28a0d90a-5483-46bc-954d-2ed7bec4d2f7__6f90d1eb-806f-478f-a1d2-430b26ebd395	PCD-A	0.063951224	0.3179629	0.021044955	0.066931844	0.53010905	0.53010905
f6b130cd-12bf-47fa-8e11-c46f58941e4d	PCD-NF	0.00027122046	0.08220231	0.9159303	0.00146013	0.00013601285	0.9159303
20fc29d0-1060-4e43-aa08-3ca817a95ae4__523d96ac-7f20-4e80-9fa3-120fa080c75b	PCD-PN	0.0070392527	0.72857445	0.22210988	0.037481237	0.0047951164	0.72857445
2cd374ab-8646-4803-8878-4d7f993b256e__a11f5dd3-63e5-4403-8735-d0fcc79e2e6b	PCD-PN	0.00097051816	0.8527055	0.031243516	0.052257944	0.06282255	0.8527055
80402924-c2e0-4764-9b4c-6961d95f0580__cf007fef-9991-44a0-9c1e-f7a7e6ee6e84	PCD-NF	0.001001111	0.033837143	0.9418683	0.02188095	0.0014124763	0.9418683
38148721-d38a-49a1-987a-18047ee89cae	PCD-A	0.0034856696	0.041192986	0.015578981	0.0037393956	0.9360029	0.9360029
f24bdea5-658f-4b4d-8b66-52b77b851290	PCD-NF	0.004547197	0.03309895	0.95411474	0.0026556568	0.0055834907	0.95411474
b77cc044-fcc5-47e2-b0c8-148c161d0586	PCD-A	0.00493491	0.005009997	0.0016825809	0.0032553046	0.9851172	0.9851172
e35f16ca-6e38-467a-9610-323b2e518f13	PCD-NF	0.12126553	0.2019306	0.6061898	0.0666767	0.003937452	0.6061898
c2d2959f-ee41-40f5-92f8-845ca44959a5	PCD-A	0.0038468172	0.034910318	0.02808603	0.001162381	0.93199444	0.93199444
074884d4-a09e-475f-b710-946517b34356	PCD-P	0.6361201	0.14027861	0.0025447798	0.011108147	0.20994842	0.6361201
7c1cdbcb-0345-4fe6-93cb-3402b93072ab	PCD-NF	0.0066233412	0.2843957	0.39943844	0.1778979	0.13164471	0.39943844
4c1c03f2-1b8d-4c77-8f9b-b1cea9641c17	PCD-NF	0.0009532947	0.019428723	0.9725609	0.0059058177	0.001151231	0.9725609
f0c934a8-4c7f-4167-84f2-41966479d55f	PCD-PN	0.0025545289	0.5174034	0.032780718	0.027770055	0.41949135	0.5174034
0973056d-288c-4131-b94f-40bab869d7bd__92c593d4-55f5-4c35-a345-02eeb5569da8__e26e6c97-18ae-4ce9-aa6d-e49a12e02334	PCD-PN	0.10456407	0.6461278	0.030257631	0.008075495	0.21097499	0.6461278
36a392eb-50ac-46a2-ad0a-d0c95517e189__5c482bec-a355-49ce-897a-27c21b4ed502__ce7e9ecf-6fdb-4036-bbbe-7bcbbf03a12e	PCD-A	0.012953629	0.20702128	0.0060609956	0.0025114592	0.77145267	0.77145267
08231998-9193-483d-8e11-8d2a56e93c13__1deed06d-9446-4a4f-b452-350daba32d1c__6575f015-252b-416f-b87a-9dd2a2877cd8	PCD-PN	0.00095679966	0.8581475	0.112836756	0.0057624807	0.02229643	0.8581475
1290912a-7232-412d-9d0e-4e7945c1210b__45e9f745-57ab-4b1f-9c77-291c5b859434	PCD-NF	0.0026965167	0.15854427	0.8290535	0.0006976136	0.009008022	0.8290535
781691bd-ce92-4eae-b8f2-832ae8715fad	PCD-PN	0.008653659	0.41101325	0.13974427	0.048489947	0.39209887	0.41101325
04a592ba-1163-4f3f-b448-986572a8f0cf	PCD-A	0.037134122	0.008652436	0.0010042376	0.013666498	0.93954265	0.93954265
80a7b8a9-999d-4305-81d9-cdc83bed1ca1	PCD-NF	0.0017815084	0.008141319	0.9836901	0.0046047587	0.0017823293	0.9836901
0291f03c-1348-40e1-b4f0-1d9c9683de41__1144ee40-6830-4df2-b072-7ff9f2dd9550__7ed3d7a2-dd9c-4557-ba6b-8fcc2a7f02a2__ac8664aa-6fe4-429a-8223-ea6920f9fe0f	PCD-A	0.0011315023	0.058542114	0.22317599	0.015663443	0.70148695	0.70148695
533c2b91-2d31-4fa1-a72a-3fdd9e6a6b7c	PCD-NF	0.0005082374	0.03149149	0.9621092	0.004750837	0.0011402365	0.9621092
e4ecc162-058a-41e2-b20e-5cdebdcf17d4	PCD-PN	0.012485286	0.8424158	0.05695144	0.061763342	0.026384104	0.8424158
583d3b54-b3f5-47c9-90c6-479f14861f72	PCD-PN	0.040852897	0.40030748	0.28311875	0.007173261	0.26854756	0.40030748
00ff9dcc-d053-42d1-8c0c-1b67f9c080da__9b446072-9587-4282-b448-ece42ad1989b	PCD-NF	0.00024889025	0.016859623	0.9811143	0.00079920766	0.0009779955	0.9811143
8336dd6f-04af-4a60-b292-fd7fd037e97c__d0a0447f-dbac-422d-b849-269d594ac68b	PCD-A	0.028844459	0.17446917	0.001590971	0.03132189	0.76377356	0.76377356
0b51e408-55be-47bc-9d43-6030e1492c8d__65b2eca5-17b8-446c-8ca3-7dfb8d47156f	PCD-P	0.70438695	0.14332852	0.007841096	0.014009401	0.13043411	0.70438695
334d4ec6-ae9a-426b-9e32-7b814959b281	PCD-NF	0.14874156	0.27541867	0.41914523	0.0019258045	0.15476875	0.41914523
33d1fd2e-ac99-463e-9f55-ffbae5584510__3c6df92f-bccf-436e-ac97-85c81ed25f42__5000e4a1-f428-461d-9551-e208d0038374__c74a5ee1-f941-498d-8cb5-7e124e731932__d5b4667b-86a2-4668-b8f4-0d34a7fca14c	PCD-FA	0.008148191	0.07168454	0.0040068966	0.79994273	0.11621767	0.79994273
98817a33-a7e1-4292-9906-43c68fe93694	PCD-PN	0.010448573	0.5941948	0.030496083	0.045961358	0.31889912	0.5941948
c613046a-5d1a-4e22-b27e-c5e06098e2e0	PCD-A	0.023462195	0.023715952	0.028553762	0.009618316	0.9146498	0.9146498
2ecc0088-a127-4131-821f-c7d8863e3d39	PCD-A	0.0016204794	0.023359412	0.002292614	0.0036205421	0.9691069	0.9691069
51d66aaa-317b-4f2b-9473-c1e9c26dacc1__bb9b5076-8d1a-4dcb-b378-981489c10288__d669c0cf-af25-477d-b068-8edf3f333bb6	PCD-A	0.0004720342	0.0031747809	0.0012003189	0.003690572	0.9914623	0.9914623
79d515db-a72f-4123-804c-374e55f1a3db	PCD-A	0.03349583	0.24724635	0.020875782	0.07878774	0.61959434	0.61959434
be0ffcd2-e94d-440c-83b6-63a18b85d5e3	PCD-PN	0.13724424	0.6054419	0.18082997	0.0032716475	0.073212184	0.6054419
c11320ab-4222-4cda-926d-cf04c4d9226b	PCD-NF	0.0021342156	0.025221149	0.9692935	0.0012439607	0.0021071837	0.9692935
fb1f2148-150b-4a52-91ae-1806b914b23a	PCD-A	0.0022262621	0.1722794	0.013185936	0.07312665	0.7391817	0.7391817
a9a7faeb-967c-4919-8188-5f55b883df47	PCD-NF	0.0011005495	0.0741066	0.9061653	0.010774595	0.007853007	0.9061653
c80138f1-132b-472a-a97c-9913f0deee49	PCD-A	0.007348392	0.27881652	0.24062838	0.095483236	0.37772352	0.37772352
8a217600-83e2-4e9b-8dbb-9866731f0af4	PCD-PN	0.067733295	0.83037454	0.0026007053	0.03184479	0.06744671	0.83037454
704f4d9d-153b-4035-a30b-e3139a80aa74	PCD-FA	0.041006893	0.096229196	0.008944339	0.44975027	0.4040693	0.44975027
81537e8b-e699-46a1-898a-d6f5d72925f4	PCD-NF	0.036638837	0.07236363	0.86197764	0.010963268	0.018056544	0.86197764
e2f7dd9c-a07b-4069-be57-ca3c6887fae8	PCD-A	0.00089975796	0.050898325	0.0015631504	0.0011191508	0.94551957	0.94551957
f453fef1-0be0-412d-9777-81fcdae4d74a	PCD-A	0.01645307	0.023333712	0.00053955795	0.0027422383	0.9569314	0.9569314
0dfe8e3c-53ba-41af-b010-194c5bae629a	PCD-FA	0.005740596	0.11760585	0.071199134	0.79837483	0.007079582	0.79837483
2ae6909b-6335-467f-894d-10ab4bd72771	PCD-PN	0.03590888	0.73917323	0.11348872	0.061004214	0.050424952	0.73917323
3421bd7e-521d-4ed1-a091-13872c725b87	PCD-FA	0.0017419425	0.11128136	0.2203446	0.63149023	0.03514186	0.63149023
6dac3d25-1743-4147-98f5-66d6eaede47f	PCD-A	0.03692177	0.019688552	0.0013113183	0.041302722	0.9007756	0.9007756
18c78ae2-77c2-4d7a-8ada-d870c6d78225	PCD-A	0.025625339	0.018633874	0.019357398	0.00273366	0.93364966	0.93364966
ff431be2-733c-46e9-9195-7db7cfd50346	PCD-FA	0.009181912	0.064991	0.013770695	0.89657974	0.015476666	0.89657974
c5c4e6ac-2064-4e56-9882-8d87368ac077	PCD-FA	0.00041435476	0.023699967	0.0071345507	0.96720994	0.00154118	0.96720994
64ae63cb-418d-4ceb-9f8a-dec0128e022a	PCD-A	0.31689188	0.07103639	0.012106574	0.2272212	0.37274396	0.37274396
c29a9399-df2b-451d-a988-7f7cdc4ef2fd__f8fbd3fd-9493-48c1-84f0-09228b4079fe	PCD-FA	0.013275353	0.29157427	0.025089277	0.58804095	0.08202015	0.58804095
36f269c8-c23d-4e85-84ea-4ad65a33330f__bf14e676-b939-404a-86cc-60d8c3543bc7	PCD-NF	0.0015529365	0.08807969	0.84109676	0.06545121	0.0038194987	0.84109676
93e466b9-246a-4bbd-9b2f-b72eafdea08b	PCD-A	0.0702092	0.035059977	0.0011660454	0.0066951737	0.8868696	0.8868696
1800339a-9306-48f1-a4cb-5836310680f1	PCD-FA	0.01518729	0.18453808	0.0069443607	0.7235235	0.06980679	0.7235235
ddea2e45-72c5-4ca8-a55a-d2877579f9ed	PCD-FA	0.009250007	0.42895103	0.019052094	0.53535396	0.007392944	0.53535396
52444a61-31fe-4969-abb7-1bb4e2483738	PCD-A	0.06494622	0.039824147	0.0028554052	0.01331873	0.8790555	0.8790555
4452ca35-8c6c-4549-a538-86c7f2e82f2f	PCD-PN	0.0026908023	0.5585776	0.2936291	0.0070971064	0.13800532	0.5585776
a0e4c6a1-c888-4b08-8a58-fe3be1d6ae56	PCD-FA	0.10880561	0.045058273	0.005257246	0.83458835	0.006290504	0.83458835
5fbbf97f-00eb-4638-af32-071903813809__f11d74b0-fe0e-4d5b-abd5-bc4b13f7ec2c	PCD-NF	0.00011201621	0.0041559064	0.9943119	0.00095836533	0.00046178585	0.9943119
046bf2fc-bbc1-4b09-a91c-af7c1813a186	PCD-P	0.8602954	0.017111596	0.012035211	0.00980096	0.10075678	0.8602954
047df64a-d51f-44dd-a921-c4761ae9596f	PCD-P	0.98489827	0.0044971933	0.0004747698	0.00044028956	0.009689392	0.98489827
80273d65-55f9-4ce6-b479-a9f849ab5389	PCD-NF	0.054934587	0.23448104	0.44439065	0.13960676	0.12658702	0.44439065
6e138fdf-589c-4414-961e-ec6f94f70ee2	PCD-PN	0.06899297	0.5007682	0.07710725	0.2730607	0.08007088	0.5007682
911e172f-3f03-4017-b5d1-e03c47f294ec	PCD-FA	0.021017417	0.3153301	0.02434764	0.4160739	0.22323097	0.4160739
1470e0ae-4e67-40fd-9070-df81f9ac5f4f__50f1d7b3-a37b-421c-9d2d-8972b27f5751	PCD-A	0.2860951	0.21472971	0.01171406	0.0042478824	0.4832132	0.4832132
11b0767c-09fc-4d56-9f7c-c79afc767f44	PCD-NF	0.0001774223	0.08182606	0.91695994	0.00054774067	0.0004888683	0.91695994
dcab0130-fe37-4b2a-b280-fb1e38438687	PCD-NF	0.0012103812	0.022102999	0.97317636	0.0013042242	0.002206028	0.97317636
2abe71bf-db7f-41d8-9ad0-839cc4124df3	PCD-FA	0.006694932	0.032144632	0.004679904	0.93300825	0.02347236	0.93300825
5ec858b5-3cb6-4941-b23d-058b6ccc1460__da19d5a4-05d0-4b53-916e-0de253882b6d	PCD-NF	0.006242954	0.19607978	0.7862386	0.005966851	0.0054717837	0.7862386
f9f55b3e-27db-4c81-92d9-d441a7ee4683	PCD-FA	0.0028119106	0.13490887	0.020685013	0.8392925	0.0023017195	0.8392925
f1a06fdd-8997-419f-9efe-a7e39e0deedb	PCD-A	0.002754309	0.012087808	0.003478562	0.07361922	0.9080601	0.9080601
47e6c920-ca69-4d27-a7db-4cc132b7d56e__909bf31a-6083-4f67-904a-7e94aeb90767	PCD-FA	0.0880017	0.06016621	0.012670221	0.78804475	0.051117048	0.78804475
c7641f5f-63de-4e12-8bd5-6cf17dd656ca	PCD-NF	0.2633797	0.11253529	0.49307495	0.112020575	0.018989438	0.49307495
d9d67912-ec84-42ad-81a8-43f3296a8c73	PCD-PN	0.3083874	0.54813504	0.015236409	0.0045201927	0.12372093	0.54813504
00848ea4-c3f9-40bb-b37d-c084eaf51dcb	PCD-NF	0.0023182495	0.33527058	0.62546176	0.003591048	0.033358328	0.62546176
36c4f984-0e2a-4bec-bb53-897979484965	PCD-A	0.035071444	0.122948796	0.002135173	0.0018666644	0.8379779	0.8379779
2240eac6-b4be-4056-9422-d688b48048bb	PCD-A	0.076147705	0.016992046	0.00090382603	0.013833787	0.8921227	0.8921227
4126426c-203d-4cd4-ba17-0ef76440cf87	PCD-P	0.34355435	0.31820646	0.021293217	0.113386706	0.20355925	0.34355435
3685f8d1-9671-4aa7-913e-ebe31b68d425__afdd1407-65a2-4b64-b3ac-2102f1348383	PCD-PN	0.054293506	0.7266953	0.042078685	0.003348431	0.1735841	0.7266953
9932a387-f56e-40c8-9b49-2dabb8b2d83b	PCD-NF	0.0016427037	0.07489114	0.9128914	0.008651576	0.0019231299	0.9128914
bac9d8f5-fb8c-41e8-a000-a249c6bfb69c	PCD-A	0.10582119	0.18982628	0.02501716	0.31681326	0.36252213	0.36252213
f55d0d3a-4cde-42e0-bcd8-434d178584b9	PCD-PN	0.014756292	0.5081288	0.051353995	0.042276338	0.38348457	0.5081288
6efa9f62-df24-4381-8e8f-29a75adbcee9	PCD-NF	0.0008706327	0.21062995	0.7782502	0.0041926433	0.006056534	0.7782502
65986c99-2271-4722-bf28-fd85d1e76132	PCD-NF	0.29053542	0.30406776	0.34265453	0.02086028	0.041882046	0.34265453
b6edf615-6f46-413a-90df-7d4ec8430730	PCD-PN	0.0015238122	0.58076054	0.28901425	0.0877526	0.040948816	0.58076054
4b126ae8-7051-4a79-977d-114ff0f45db6	PCD-PN	0.2154693	0.68517876	0.089770615	0.0018958467	0.007685429	0.68517876
88ce038f-891b-43b8-89ec-93a674e6cf1e	PCD-A	0.26872256	0.22193336	0.010649202	0.14272676	0.35596806	0.35596806
a1e66fe5-9cc5-4d65-a28c-242188cd5742	PCD-PN	0.017829245	0.90150774	0.006908353	0.001670826	0.07208378	0.90150774
edb19d15-2ba2-4ca4-aee0-ec76bdf4b0e2	PCD-P	0.45178178	0.09371631	0.03149116	0.17167853	0.25133222	0.45178178
7686a019-76f6-4073-be1c-76ccf78d6522	PCD-PN	0.0011946887	0.8330222	0.018903028	0.009499893	0.13738023	0.8330222
baee1813-ac46-4dc8-88d3-edada99c55f0	PCD-A	0.0027726414	0.092999354	0.0020746717	0.0048573166	0.897296	0.897296
51aa96ad-06ed-4ae5-870b-3d0e9563d928	PCD-A	0.0063076452	0.37677336	0.031468287	0.03922788	0.54622287	0.54622287
1f47716a-3b7c-4d8e-88e9-4c037fd279aa	PCD-PN	0.16424702	0.57400775	0.08453957	0.15671858	0.020487068	0.57400775
074b2775-8494-456d-b251-fe74c53c60ff	PCD-P	0.5030397	0.018109808	0.0058750617	0.08085246	0.39212295	0.5030397
b509f5d4-08d5-4e4e-8b02-eef8f9de0190	PCD-NF	0.22994678	0.09426984	0.6121335	0.04916178	0.014488083	0.6121335
e5d6c0f6-ae27-4825-989b-bf95c47422c6	PCD-FA	0.087756865	0.25102034	0.14977258	0.48198685	0.029463336	0.48198685
853ff0d4-5efd-48b2-b86b-884f2f5e2a14	PCD-FA	0.14325202	0.06748515	0.13426152	0.6450777	0.009923585	0.6450777
346351ee-f6a5-48b7-9867-7c096f3d2f2f	PCD-FA	0.09145901	0.31925207	0.09295337	0.4780387	0.018296776	0.4780387
5ef1f516-a224-4476-8b78-3ee7a72a9184	PCD-A	0.019564794	0.20518257	0.068310946	0.0051143914	0.7018273	0.7018273
40bdca60-c897-44f5-8a29-4d10901463c6	PCD-PN	0.00040895963	0.8581585	0.12554741	0.008118495	0.007766539	0.8581585
ea3f82f1-e426-401b-93ed-4c7bdc50eba6	PCD-A	0.0014123817	0.028819954	0.0063723573	0.0011425623	0.9622528	0.9622528
10303ceb-92eb-4ee3-9420-8448bc242a88	PCD-P	0.5242312	0.0904476	0.0075449445	0.005999487	0.37177688	0.5242312
8a97f81d-5070-4632-9367-a1b4c1318478	PCD-NF	0.007149689	0.14941198	0.49041834	0.015274289	0.3377456	0.49041834
d2496178-3956-4b2f-a639-885555955cf7	PCD-A	0.020653643	0.049393326	0.008895712	0.002619443	0.91843796	0.91843796
c2209f8b-f56d-4dca-98c7-4bb845d1ac6f	PCD-A	0.065457165	0.09473808	0.12823285	0.029712537	0.6818594	0.6818594
33dbc847-dc41-406e-8413-bae1fd7d8d3b	PCD-NF	0.011828916	0.0864609	0.88036555	0.0042612557	0.017083306	0.88036555
278f5083-10c9-47be-bb16-388d40414838	PCD-PN	0.00050163775	0.95649046	0.0064438786	0.02967947	0.0068846196	0.95649046
b31d4d14-7aff-445e-b550-d0769c771011	PCD-A	0.12170483	0.12146903	0.07802341	0.010194622	0.6686081	0.6686081
1223f3ec-1d91-441e-bbb3-b2b9b8ce0d39	PCD-NF	0.082371	0.048257664	0.6053511	0.15694457	0.107075624	0.6053511
f477b266-2020-4309-9836-50d7ead88615	PCD-PN	0.013226199	0.34458742	0.3079811	0.33238357	0.0018216778	0.34458742
c23f3c5e-2a9d-4434-9f96-b229d2faf016	PCD-FA	0.05033423	0.11410408	0.07419518	0.7004763	0.060890187	0.7004763
9182fd8c-5336-436f-b493-7fc8ce6e7c14	PCD-NF	0.32724082	0.05966767	0.5224352	0.07286108	0.017795179	0.5224352
8fc8a87b-0e72-4bab-afd1-0bbeeb495c8f	PCD-P	0.92472196	0.040503934	0.007484435	0.019190408	0.008099274	0.92472196
faeeaa0c-90cb-403b-a125-3179cd34e7fd	PCD-FA	0.0030148309	0.050035574	0.0019564591	0.91990006	0.025093123	0.91990006
108176e6-7b93-4f62-8c0b-fd604046673b	PCD-A	0.0022677863	0.06358477	0.011296475	0.0018015532	0.9210495	0.9210495
df48e9d9-cb57-4ff8-b714-5232c4113e46	PCD-A	0.012497431	0.019832205	0.00043610955	0.002413926	0.9648203	0.9648203
446721d8-cba9-4a91-9593-7e3f62d579e1	PCD-A	0.011513292	0.015861591	0.0025272646	0.0067253024	0.9633726	0.9633726
1879fb2c-9f39-415d-8a28-42093c4030f2	PCD-FA	0.031129716	0.16685997	0.08636045	0.41329667	0.30235317	0.41329667
9c189695-c2d2-4acb-a6dc-dcb02a01680a	PCD-NF	0.019844856	0.13292633	0.77115977	0.07239152	0.0036774308	0.77115977
6adff7d5-2895-4c47-a3d7-d4e66a786241	PCD-PN	0.00080928503	0.8586895	0.066747725	0.023290332	0.050463177	0.8586895
de6f8f22-5218-4a49-b680-d07360a3733c	PCD-A	0.0015425347	0.111543536	0.008295659	0.036603086	0.84201515	0.84201515
c824c302-ad94-4f6b-bb8e-cdb514dc3a98	PCD-A	0.019944591	0.29463455	0.0038135978	0.0036225726	0.67798465	0.67798465
cbf52837-021a-4e8a-9b10-e19be07e3422	PCD-A	0.00031488374	0.0505105	0.0007649278	0.0027065019	0.9457032	0.9457032
37721b24-66c4-4280-972f-21efad053310	PCD-PN	0.011380443	0.5071356	0.06081317	0.113492824	0.30717784	0.5071356
01ae5b3c-2980-4a6e-9713-dd3c146c737f	PCD-FA	0.08898139	0.3445032	0.12601617	0.35685292	0.08364631	0.35685292
104f2616-b0ea-40f2-8b13-16af8e7ea911	PCD-NF	0.0008769928	0.028274937	0.9643027	0.0013193577	0.005226069	0.9643027
ee91b5d3-5e87-41c5-9cda-ddafa2409de1	PCD-NF	0.0025450017	0.039860677	0.91123956	0.027161786	0.019192934	0.91123956
04c7980d-490b-4403-b483-985e8f096706	PCD-P	0.85708123	0.039022487	0.0034429524	0.07357274	0.026880514	0.85708123
fab13eb4-2c65-4db7-bac8-6ee2d5107b5c	PCD-PN	0.005536047	0.61581045	0.284369	0.092179626	0.0021048777	0.61581045
90fff658-c8a9-4582-8c9a-4458427edd2a	PCD-PN	0.07811224	0.5580649	0.0070067006	0.007359778	0.3494564	0.5580649
27e1e1f9-85db-4381-b18e-b21b18545d73	PCD-FA	0.00178057	0.07954283	0.017669594	0.8933979	0.007609116	0.8933979
4e106d89-a3e4-4994-baf6-3103910024cf	PCD-A	0.019225618	0.052856095	0.0018738991	0.008459933	0.9175844	0.9175844
c5af6bca-cd47-4917-832a-93654fea593f	PCD-FA	0.0006187275	0.069788784	0.029097138	0.89510554	0.005389818	0.89510554
5c134bd7-6f07-4f63-ba79-ce026c8b5454	PCD-FA	0.0015689809	0.1893772	0.07573298	0.7283879	0.0049329223	0.7283879
f58734bc-79f0-4be6-8b72-dd42bf9e0e16	PCD-PN	0.0036130974	0.81824934	0.024696732	0.0038377722	0.14960314	0.81824934
ea932d51-cbd6-48bb-9026-c819e69ee118	PCD-FA	0.0009156552	0.04138285	0.37822473	0.5755642	0.0039125877	0.5755642
acf5935c-21cc-4051-9414-74efe7894f88	PCD-PN	0.0010078856	0.8229038	0.03180999	0.10796982	0.03630856	0.8229038
ddfd522e-b2e2-46a3-8e15-1be2a023b152	PCD-A	0.0032174175	0.26279804	0.0020964516	0.0053509343	0.72653717	0.72653717
fa649760-f617-4f9b-a0c0-3b47f3605986	PCD-FA	0.0038634345	0.12067976	0.09623807	0.7531209	0.026097788	0.7531209
614f8351-3eb5-466d-825f-f88923d25606	PCD-A	0.34302473	0.22023103	0.032892797	0.05854861	0.34530285	0.34530285
ab7fb63d-47d5-4397-8db5-114956b95c09	PCD-NF	0.028354935	0.073807746	0.5227862	0.37046963	0.0045814947	0.5227862
35281a56-493e-4350-b3cb-80cd32133224	PCD-FA	0.36808166	0.0856334	0.06090193	0.47660044	0.008782481	0.47660044
a9ab3b96-9285-4253-b646-3e81509a3623	PCD-NF	0.00039745157	0.16353512	0.8305265	0.0015761816	0.003964822	0.8305265
d6df09b5-7b6c-4697-89f9-6f72072d81eb	PCD-PN	0.11705168	0.5475657	0.014584111	0.15522593	0.16557258	0.5475657
54b97818-5e37-4b22-913b-5dd52de3281a	PCD-A	0.0057859533	0.14029455	0.0018051693	0.001177478	0.8509369	0.8509369
6e85a3fa-d088-491b-ae4e-2a779c6672fb	PCD-NF	0.10611852	0.115448944	0.5956159	0.09103209	0.09178454	0.5956159
42ba7db9-b6ee-4ae9-bdc9-59745b760195	PCD-A	0.0017996655	0.03007336	0.005807353	0.048590973	0.9137286	0.9137286
374c5c41-2045-4cf3-a5be-d99904d69019	PCD-FA	0.08069992	0.20758821	0.1145802	0.5797918	0.017339902	0.5797918
8a56f082-cc9e-41a2-8a3c-3b8fdf1684d8	PCD-PN	0.0033348273	0.42640263	0.38976893	0.018078564	0.16241503	0.42640263
b09a93fd-ac3b-431a-a5de-4f860429ee57	PCD-NF	0.00033352734	0.34090745	0.6564406	0.0005480102	0.0017704213	0.6564406
27e50bdb-21b8-45e8-8f0a-7c7e9a2e943b__b04899cd-4c40-4de9-972d-4f0cf1eb967c__e81d95a4-247b-4993-bacc-d00061420963	PCD-A	0.014012956	0.22756222	0.16829655	0.29451275	0.29561552	0.29561552
4d58816b-abfa-41fa-802f-3dd178599739__b8b863f8-3c64-4f74-bf59-0f50c4d7dd75	PCD-A	0.03158241	0.010185111	0.001573889	0.0012444748	0.95541406	0.95541406
07d3092f-24dc-40ab-964a-0fc9bceaa70a	PCD-PN	0.013787157	0.8953953	0.07349915	0.0008074088	0.01651114	0.8953953
6076950a-8de5-45cc-91c2-cb3cbe7c03c8	PCD-PN	0.0028721918	0.61895096	0.0427608	0.2509355	0.08448043	0.61895096
4c059ae2-e467-487f-b339-7f13b1539d92	PCD-PN	0.028962646	0.6983235	0.09625967	0.0034718504	0.17298232	0.6983235
1c286de0-44eb-4bbb-a4c2-152649cac2e5	PCD-PN	0.0019156509	0.79831654	0.003025797	0.0046336893	0.19210835	0.79831654
de3436d8-8799-406d-85fc-d5440df00f7f	PCD-FA	0.02908848	0.05651684	0.23807184	0.59499425	0.08132854	0.59499425
3ee8e89a-f49d-4b03-b246-5d1b9cb82da3	PCD-FA	0.0052130423	0.052999847	0.45886093	0.47885448	0.0040716543	0.47885448
2bc499f9-fc93-4540-a2da-cbce197e7c64__a73b412f-4b22-49e5-b43a-4b3b057418af__fb0b1e0f-1bf3-450a-aea5-a9d4a3742d32	PCD-NF	0.001189252	0.028601056	0.96285474	0.0011277429	0.006227219	0.96285474
2dbd35c2-f8c2-4cf5-838c-f41dde670774__93d74bc1-9e24-49f4-b645-a2a10986dcd7__a140dc83-9255-4923-b544-8980a3773ead__dc596e2d-da04-460c-836b-2db920328e8a	PCD-NF	0.0011238388	0.4089954	0.44892803	0.12918666	0.011766153	0.44892803
398f26de-2926-4d53-894f-a92d085d5662__671454e6-3336-476f-8175-3f3778a988d6__878abaf5-ea7d-49d6-b9af-9e8f43fd3146	PCD-A	0.011867765	0.331515	0.0113586625	0.14388597	0.5013726	0.5013726
b620794a-4693-40b6-bec9-4312001f9d11	PCD-P	0.8804452	0.055820726	0.040641323	0.0040792427	0.019013552	0.8804452
a2c3415a-9daf-4158-a28e-7e9aeef4cc71	PCD-PN	0.011447052	0.62129265	0.011366682	0.009621653	0.346272	0.62129265
a591e530-d9c1-46fe-8060-3eb1e392cbcc	PCD-A	0.00091723213	0.01652939	0.0044906847	0.01310272	0.9649599	0.9649599
3c67c8e9-e83d-4ad5-9776-085994c6376c__e3d57c66-ff02-4f9a-9627-69535be39a8c	PCD-NF	0.0006832146	0.13071762	0.8607132	0.001583536	0.0063025192	0.8607132
49f98bf8-5105-4cce-84e8-f6933411955d	PCD-PN	0.03419841	0.37982142	0.028896162	0.25689	0.300194	0.37982142
489e08c5-0b3c-4d07-a88d-d2d0100a5f09	PCD-NF	0.0060996753	0.2339133	0.68143886	0.06995059	0.008597608	0.68143886
17e97d9b-89d2-46d3-bea4-189ce3948681__1d0ed929-c938-47a2-9d51-124b9f0db9ae	PCD-A	0.11521473	0.04301204	0.004860233	0.0066798003	0.83023316	0.83023316
d19689e2-1b16-43bc-a133-83208877fa4e	PCD-PN	0.000952025	0.5874925	0.36408404	0.042869803	0.0046015643	0.5874925
13ba0fe8-c698-47e4-bb58-4c1644778ef3__6c36d498-1809-4ff7-acfd-0aee214cbeb3	PCD-PN	0.004978573	0.72617996	0.25015992	0.001244559	0.017436955	0.72617996
ab2fe7af-7f25-4ef7-a75f-3ac499502d0d	PCD-A	0.06991831	0.31334513	0.0019892515	0.0012717787	0.61347556	0.61347556
2a554e51-f576-4d54-92e1-e1843d1f551b__a947a63e-3de6-43ed-aa44-cbf099eb4958	PCD-FA	0.0015404942	0.23510578	0.33055532	0.42478973	0.008008679	0.42478973
2a06f398-0708-46ae-bcba-57f1429ec773__f6c8f6b3-ae65-4144-8d93-2b27552cecd6	PCD-NF	0.004268198	0.13557677	0.58702093	0.18378973	0.08934434	0.58702093
5dc751bc-3c89-43cc-92f6-d2c4d40fb4c7	PCD-PN	0.13961017	0.67873657	0.03504258	0.06731396	0.0792967	0.67873657
642f2d54-33c1-440b-bcea-052b88a30c09__84e60953-f3f2-4a93-a61c-98dd7d2ec9eb	PCD-FA	0.3735782	0.08386516	0.14146627	0.38101473	0.020075655	0.38101473
1421ff4a-1cfb-4c2c-b366-3589cb88e909__69f968e4-3972-4677-8e8b-9f204e767518	PCD-NF	0.00023234071	0.011469617	0.98251283	0.0037854358	0.0019997752	0.98251283
1a685087-56b0-43e4-bce0-dc9babce8749__b1dc3ab4-23a4-40a7-8f9d-756c0b02b49b	PCD-A	0.076743096	0.082595326	0.038280822	0.33571503	0.46666574	0.46666574
834eeaeb-e064-43e9-9f51-da6a6d7ce066	PCD-PN	0.3632802	0.47237366	0.013679924	0.00094571227	0.14972049	0.47237366
dd343138-9979-4195-b511-ae913bfcb131	PCD-P	0.88135815	0.0276749	0.0015438669	0.0020286415	0.08739449	0.88135815
dd3c759c-45a1-4737-bd4a-8280db9283e8	PCD-NF	0.00094899	0.035959583	0.9028901	0.058438137	0.0017632402	0.9028901
38fe5813-7993-4f8b-b38d-7799b5ef9fa2__39742a8f-da7f-4390-aaaf-07b3fc1a69d3__e8ff1296-5847-4e13-8a43-dbc959038baa	PCD-PN	0.0010455868	0.6746048	0.1930734	0.09973553	0.03154068	0.6746048
12ac2902-a47e-482c-a18e-944f4745c006	PCD-PN	0.018833324	0.47173303	0.14584184	0.026222935	0.33736894	0.47173303
0084c260-eb38-473f-9da6-96b05321aad1	PCD-PN	0.004009543	0.5228515	0.42530012	0.0012835098	0.046555266	0.5228515
7a1e0cb8-9d41-4c78-9a0b-9e4d21925ec2	PCD-FA	0.091059625	0.08074699	0.18358524	0.6278545	0.016753634	0.6278545
19314f2d-41eb-4ece-bdd7-4743703f79bf	PCD-A	0.0032970454	0.019874627	0.0029715758	0.011170739	0.962686	0.962686
3df3d6c9-df3e-404f-a2fd-15020db0d06d	PCD-NF	0.12080076	0.1358554	0.41656223	0.30906513	0.017716477	0.41656223
887d794e-d509-4ebe-a270-f0fd1d5e09e8	PCD-NF	0.10639206	0.19203016	0.6595669	0.015563055	0.026447855	0.6595669
08077901-dccd-4069-ad63-abc7966741b5	PCD-NF	0.076603405	0.019945966	0.8957582	0.0049738125	0.0027185983	0.8957582
eefa3a1d-e084-4b9b-9d14-f169fe2aa583	PCD-PN	0.0046257456	0.7338812	0.010354961	0.1386159	0.11252232	0.7338812
5e987d0c-8707-49db-bac2-8c457be2ef6c	PCD-FA	0.0137813175	0.14444701	0.25794354	0.38776976	0.19605833	0.38776976
1a2d4b31-abb4-407e-9575-c486a49dd563	PCD-P	0.90060365	0.0124528175	0.0033837662	0.0016020214	0.081957735	0.90060365
c5396292-8d85-4964-bda6-4c6d76abe6e9	PCD-A	0.020218605	0.046200655	0.0009822708	0.005020839	0.9275777	0.9275777
57affaa8-0e8c-4167-8870-8ff0d8d2bcfc	PCD-A	0.41889307	0.10932756	0.00934448	0.014083467	0.44835144	0.44835144
4c0b1484-be45-4a9e-91a3-3798b97c7944__67ef0161-cff0-4c91-93a1-4ded88032d4e	PCD-P	0.8046928	0.09736207	0.02197354	0.003324176	0.07264734	0.8046928
31f33d17-a4a9-4cf4-97b8-d7edb363fc2c	PCD-P	0.38318932	0.09334213	0.060719606	0.12221444	0.34053448	0.38318932
b119ca57-d85a-46ca-bd8b-1451e1703d89	PCD-A	0.059986226	0.23294699	0.0065153423	0.007554809	0.69299656	0.69299656
946a572e-fc1d-48cb-b0ce-39730137a917__db68fc19-fa4b-4619-9ea5-7f40c5f76050	PCD-A	0.010519819	0.020522665	0.0014139165	0.0029034961	0.96464014	0.96464014
a4bc0ee4-afc0-4be7-ae3e-895c3c6d7a1e__b56317d0-f6a8-43b4-b50e-c995eec6e772	PCD-FA	0.0066550225	0.09938315	0.027968885	0.85061747	0.015375517	0.85061747
373f9d3a-0087-4608-8249-e87c2fbc06f3	PCD-P	0.70332247	0.13217054	0.023206934	0.0035031126	0.13779692	0.70332247
f53a319a-f2a1-4ed0-9ba7-b08cc30c51fe	PCD-NF	0.0004998124	0.49497214	0.50096035	0.0006519392	0.002915747	0.50096035
709cbbdf-7e06-4b60-8ba3-a8723ed348f0	PCD-A	0.19573152	0.15819791	0.009881886	0.0024632183	0.63372546	0.63372546
67353da9-f782-4d16-b99e-d2c653f13a3c	PCD-PN	0.030779915	0.9194193	0.0019678532	0.0011076197	0.046725273	0.9194193
cd73583e-3622-4ee1-9e57-6f6a708a3520	PCD-A	0.0010119542	0.0036220087	0.0007354155	0.000724476	0.9939062	0.9939062
2943f889-5d75-4e3f-911b-4336b3b870d0__85d23817-c1c4-46d6-82ae-b41b92005fe4	PCD-A	0.053143043	0.09656379	0.0015728842	0.005373111	0.84334713	0.84334713
5cba8a9a-e76b-4b24-b686-edb0ec3d2ec2	PCD-P	0.84101456	0.026192004	0.0055659967	0.001954281	0.1252732	0.84101456
ffab5eb4-6466-4722-ab69-298bb3262429	PCD-FA	0.0008351472	0.06700337	0.0052233683	0.90567017	0.021267904	0.90567017
c11dea96-6d94-4659-af5f-b0b7976eda74__f748d5c0-30cc-4f4f-ac56-cec93a75db5b	PCD-NF	0.0010494408	0.111290745	0.63892317	0.23515345	0.013583197	0.63892317
2802a38f-01ec-4217-8322-51445921fcdd__48cd230f-7083-43f7-899e-c7ac245bc1af__6df06a97-ee38-4720-9237-5f26bce194c1	PCD-NF	0.12162761	0.35456184	0.49997336	0.005441302	0.018395908	0.49997336
dad37a12-aeb5-4be4-8908-33f5456a9c84	PCD-FA	0.0012851051	0.0919784	0.11838512	0.7506802	0.037671123	0.7506802
26b35fe4-3cd9-4272-9813-3bd9bc205be8	PCD-FA	0.006185279	0.060332034	0.0079156505	0.77547014	0.15009682	0.77547014
6c679cde-8f73-463c-9b68-0c3d2ed6a583	PCD-P	0.51831424	0.08697102	0.0074181845	0.3617478	0.025548745	0.51831424
df5a1bbd-ebc1-4280-8115-1bc2ebe5fe5c	PCD-NF	0.003329494	0.12868458	0.7080605	0.14920579	0.010719623	0.7080605
9fd2ea57-3af6-4de4-b254-bddab901452d	PCD-PN	0.2309801	0.65661967	0.01089037	0.011300864	0.09020898	0.65661967
f3146a02-8bcf-4517-b66e-17c71f8ea869	PCD-FA	0.0012921824	0.02114344	0.005390554	0.70112014	0.27105367	0.70112014
37734c6e-9bd2-46fd-a938-f98126a45122	PCD-NF	0.049705446	0.088877246	0.7301489	0.11250992	0.018758463	0.7301489
f313a8e8-6539-4448-8ebf-a38f35638899	PCD-A	0.011512395	0.37899864	0.0045326794	0.1257381	0.47921824	0.47921824
a39099ff-a902-4e72-aa33-3e75822b9b3d	PCD-NF	0.0151959015	0.4111214	0.5346132	0.012218606	0.02685089	0.5346132
cd9498e0-51f6-4f70-838e-588501dd6b88	PCD-NF	0.0023324734	0.16675338	0.65183127	0.050579354	0.12850347	0.65183127
cce8f445-8bcd-4832-91c6-be4bb7b57501	PCD-A	0.0005299032	0.0052030934	0.00065579376	0.009884321	0.98372686	0.98372686
a97759c2-180e-403b-abd3-e8d5f84d725f	PCD-NF	0.013585382	0.11475134	0.6802766	0.1853261	0.006060629	0.6802766
e497c851-36d4-4176-8df0-07d7936e5947	PCD-A	0.013031758	0.01658949	0.0006465557	0.00063956203	0.9690926	0.9690926
37934dcc-e2cc-4926-a92e-dc0485d4b746	PCD-NF	0.00115442	0.21993437	0.70285887	0.062212016	0.013840346	0.70285887
5d53f977-dcf4-41ab-a04c-1f76e4061ddd	PCD-PN	0.00046004695	0.9654469	0.00488999	0.005857507	0.023345651	0.9654469
ad855439-15f1-4e78-9d7d-9eefb5a9e0ef	PCD-PN	0.014417582	0.65531087	0.13916446	0.0039441134	0.18716298	0.65531087
75a67d6d-430d-45f7-8956-6a4662d84054	PCD-NF	0.13143088	0.13138469	0.5880947	0.007440568	0.14164919	0.5880947
a1b470d7-cce1-4f6a-b0f2-7c6b99692b37	PCD-A	0.04863049	0.057995994	0.002840484	0.0020580492	0.888475	0.888475
8d7192e5-7ae2-4d2d-8196-31892dca88d0	PCD-NF	0.003537241	0.058603726	0.90326536	0.022075104	0.012518569	0.90326536
1a6aa0af-9dc8-4b24-803b-2ffc4db2cff3	PCD-PN	0.0248323	0.73337585	0.0043171323	0.022254903	0.21521987	0.73337585
8c7afd56-7df2-4c77-9c5d-f9a00cc77fc0	PCD-NF	0.0011306993	0.2514853	0.6349094	0.10616254	0.006312073	0.6349094
3f12e4d0-502e-497f-a162-9cdae148e017	PCD-A	0.11653584	0.27885032	0.009375446	0.049426474	0.54581195	0.54581195
dd3272de-d4f5-4ff4-bbda-30d47103684a	PCD-NF	0.0064131967	0.048670348	0.92544526	0.010499402	0.00897178	0.92544526
d1bffb2b-ae09-463b-8893-5ceb2f85c6fc	PCD-P	0.96314627	0.017629925	0.011430736	0.005445207	0.0023478896	0.96314627
51892c12-7aec-4463-bc2d-85f354805d76__d87be8aa-fc6b-42a2-b7be-b60ed80ed461	PCD-P	0.64089924	0.10362111	0.12005761	0.0058498913	0.12957214	0.64089924
3cc6928b-53f6-46d3-849c-71b6174049f9__486da704-156e-4f54-8059-7dd9176b0e9c	PCD-NF	0.003011832	0.20624974	0.78177476	0.0046734284	0.0042902376	0.78177476
2fcc6443-3529-41a4-a2f0-ffafa5898ab2__c2fcec06-bea8-4622-83e2-14631f5540ae	PCD-NF	0.0017707387	0.10255314	0.4516241	0.44133195	0.0027201453	0.4516241
200f3b17-91c7-4aba-ab63-4302809534ff__be860ec2-e59e-4f4f-a1d5-409383eae046	PCD-FA	0.014615968	0.05113871	0.039474405	0.87827504	0.016495926	0.87827504
88ebe93a-5d23-43d1-be7b-63e7d77415ff	PCD-NF	0.021661775	0.048830487	0.91391945	0.0078457715	0.0077426196	0.91391945
5493333c-788f-49ea-a15e-5df27cc32950	PCD-A	0.0023836908	0.037706237	0.005346256	0.05068692	0.90387696	0.90387696
4b114d44-ce79-4fba-9d32-733f63f2b78d	PCD-A	0.22664219	0.23386706	0.009067319	0.020434827	0.5099886	0.5099886
c9ca18fc-17a5-400c-994b-1e8e56a6c6e6	PCD-A	0.083516546	0.06766805	0.016448967	0.009504664	0.8228618	0.8228618
53db9ab4-36a7-4405-8871-e580002b0a15	PCD-NF	0.0014902166	0.04609299	0.5339945	0.41586414	0.0025581685	0.5339945
2f2b9f7a-6491-4bd3-b678-361b92b59714__48736183-d8b5-4912-a0cd-6911a8b2ce90	PCD-FA	0.0014211772	0.08762822	0.2823318	0.6164805	0.012138254	0.6164805
13559ccb-2de4-4df2-ba7e-0365f5f6366b	PCD-PN	0.0041478327	0.62996835	0.00953483	0.0048990212	0.35144997	0.62996835
af50d871-8b03-4c46-b8ec-1b9a89a329f5	PCD-NF	0.0018460784	0.3807978	0.45494178	0.0068724756	0.15554178	0.45494178
3f368264-80c0-4745-9e1c-6aa176d3b326	PCD-FA	0.0065139853	0.18065932	0.008418255	0.7895088	0.014899615	0.7895088
d4a4c09e-5294-4979-ac8c-acdff883835e	PCD-PN	0.020394403	0.50444096	0.17846738	0.11079246	0.18590477	0.50444096
40f58bf3-58bc-4b65-a88e-821ee9d24b9f	PCD-NF	0.014929997	0.27436244	0.66451454	0.02783683	0.018356241	0.66451454
822979b4-f4b9-4ca2-85e8-029feb9e7500	PCD-FA	0.00087649043	0.0868346	0.06276561	0.84526813	0.004255113	0.84526813
367ee6bb-9eea-4a57-b9f4-5b849e89e0bb	PCD-A	0.044985887	0.4145651	0.042686112	0.08292227	0.4148407	0.4148407
CPT0001020164	PCD-NF	0.00081647624	0.044796795	0.93647295	0.009398294	0.008515529	0.93647295
CPT0010050009	PCD-NF	0.059935663	0.105049446	0.7377053	0.08582027	0.011489286	0.7377053
CPT0130410006	PCD-FA	0.00143261	0.31544086	0.125842	0.539414	0.01787055	0.539414
CPT0023470008	PCD-A	0.022427738	0.10160436	0.017355274	0.0047243065	0.8538884	0.8538884
CPT0064040009	PCD-PN	0.26069063	0.65763235	0.04719869	0.00874854	0.025729774	0.65763235
CPT0007740006	PCD-A	0.044435844	0.3818853	0.06600949	0.003864318	0.50380504	0.50380504
CPT0063430006	PCD-A	0.03370026	0.17444971	0.010583692	0.009605851	0.7716605	0.7716605
CPT0063480006	PCD-P	0.5812765	0.1529262	0.124380864	0.024145024	0.117271505	0.5812765
CPT0101130006	PCD-NF	0.001277363	0.041993294	0.534997	0.4138882	0.007844179	0.534997
CPT0102790006	PCD-NF	0.00171711	0.03671155	0.7479786	0.21190004	0.0016926448	0.7479786
CPT0123350006	PCD-A	0.023221673	0.12550665	0.23293255	0.023396952	0.59494215	0.59494215
CPT0087190006	PCD-NF	0.00020079718	0.019318108	0.9799448	0.0003230943	0.00021323483	0.9799448
CPT0108560006	PCD-A	0.09361288	0.09802987	0.0018859372	0.00809841	0.7983729	0.7983729
CPT0086260006	PCD-PN	0.16303656	0.50442827	0.25270128	0.0063173966	0.073516555	0.50442827
CPT0091610006	PCD-A	0.008924114	0.07339507	0.003264758	0.0011631487	0.91325295	0.91325295
CPT0091820006	PCD-FA	0.00304552	0.028200027	0.0026178581	0.81614196	0.1499946	0.81614196
CPT0104360006	PCD-NF	0.32682163	0.14463149	0.489555	0.0140699595	0.024921913	0.489555
CPT0130270006	PCD-PN	0.0089368345	0.9306066	0.01771525	0.001228714	0.041512486	0.9306066
CPT0130030006	PCD-FA	0.0020791076	0.17119445	0.009207596	0.7090625	0.108456425	0.7090625
CPT0175120013	PCD-PN	0.00077202125	0.77587456	0.20027182	0.014053238	0.009028408	0.77587456
CPT0175260013	PCD-A	0.0029711449	0.02579221	0.001221024	0.09089915	0.8791164	0.8791164
CPT0175390009	PCD-FA	0.0013432264	0.04607846	0.025150033	0.76949525	0.15793301	0.76949525
CPT0175560009	PCD-A	0.002532323	0.0250168	0.0020301586	0.36832228	0.60209846	0.60209846
CPT0112540006	PCD-NF	0.03741309	0.31606337	0.5839271	0.012240788	0.05035568	0.5839271
CPT0112720009	PCD-FA	0.0022071425	0.31164655	0.037352365	0.5962139	0.05258004	0.5962139
CPT0112650006	PCD-FA	0.0022759598	0.12789705	0.0058498764	0.83179843	0.032178666	0.83179843
CPT0112580009	PCD-A	0.0007119897	0.037837554	0.0017444058	0.1770724	0.78263366	0.78263366
CPT0191860009	PCD-A	0.055150315	0.18525375	0.21482623	0.11318555	0.43158415	0.43158415
CPT0191710009	PCD-PN	0.05158677	0.8807982	0.014426572	0.0073347227	0.04585367	0.8807982
CPT0202020014	PCD-FA	0.017651785	0.09302368	0.01158444	0.86792177	0.009818399	0.86792177
CPT0202170009	PCD-A	0.0042042146	0.1724227	0.0014175924	0.008894143	0.8130614	0.8130614
CPT0202530010	PCD-PN	0.03861059	0.38756344	0.31475398	0.15692735	0.1021447	0.38756344
CPT0204600007	PCD-P	0.31588745	0.31546977	0.0699637	0.27067286	0.028006224	0.31588745
CPT0204800009	PCD-NF	0.0012162714	0.21282801	0.6321568	0.15120907	0.002589751	0.6321568
CPT0204990009	PCD-FA	0.029143298	0.052496422	0.010013482	0.79313624	0.1152106	0.79313624
CPT0202720009	PCD-A	0.0020245186	0.012900739	0.0022424783	0.033269603	0.9495627	0.9495627
CPT0192540010	PCD-P	0.6062892	0.2580546	0.023125079	0.032278717	0.08025238	0.6062892
CPT0202350010	PCD-PN	0.05291276	0.585117	0.1025404	0.032954052	0.22647579	0.585117
CPT0218280009	PCD-A	0.040346686	0.102115184	0.04139443	0.0032401436	0.8129036	0.8129036
CPT0197150006	PCD-FA	0.009791763	0.12747462	0.0037379807	0.49394125	0.36505443	0.49394125
CPT0197090006	PCD-FA	0.0026772383	0.026792636	0.0012983965	0.83848417	0.13074754	0.83848417
CPT0197210009	PCD-PN	0.31531405	0.37600216	0.00882453	0.0040620025	0.29579732	0.37600216
CPT0196810006	PCD-P	0.44560176	0.41918913	0.029355004	0.01777836	0.08807568	0.44560176
CPT0217420009	PCD-P	0.4827863	0.08058059	0.0056307437	0.0028736722	0.42812872	0.4827863
CPT0225380009	PCD-PN	0.001501436	0.6081533	0.33927187	0.017388616	0.03368482	0.6081533
CPT0190550009	PCD-NF	0.00509977	0.23816782	0.7410723	0.0023039188	0.013356275	0.7410723
CPT0233120013	PCD-NF	0.0029697109	0.036154494	0.94836414	0.0015730293	0.010938602	0.94836414
CPT0227400009	PCD-A	0.010179553	0.023449842	0.0058704214	0.005298812	0.9552014	0.9552014
CPT0207210009	PCD-FA	0.005265676	0.19789055	0.2992272	0.3439304	0.15368621	0.3439304
CPT0233320009	PCD-NF	0.00019700028	0.08706902	0.911788	0.0006864624	0.000259484	0.911788
CPT0233600009	PCD-A	0.21529545	0.1601574	0.28915903	0.045782212	0.2896059	0.2896059
CPT0221200009	PCD-A	0.18872657	0.019549487	0.001518761	0.0039100745	0.7862951	0.7862951
CPT0234560009	PCD-A	0.001804014	0.011589594	0.0021616807	0.051361047	0.9330837	0.9330837
CPT0090440006	PCD-A	0.021813298	0.21220537	0.054869663	0.28044787	0.43066382	0.43066382
CPT0111150007	PCD-NF	0.0009592787	0.13790055	0.83571094	0.015133548	0.01029572	0.83571094
CPT0089880006	PCD-P	0.70539236	0.07192086	0.0018790085	0.0040079793	0.21679983	0.70539236
CPT0079100006	PCD-A	0.046710927	0.3509667	0.01499035	0.005357521	0.58197457	0.58197457
CPT0068280009	PCD-NF	0.0036848783	0.16056411	0.7568382	0.06924726	0.009665477	0.7568382
CPT0069890009	PCD-PN	0.0016797398	0.560756	0.42177337	0.0019858014	0.013805016	0.560756
CPT0117720006	PCD-P	0.6736431	0.012937184	0.0043878644	0.0018537203	0.30717808	0.6736431
CPT0083980009	PCD-NF	0.00037391312	0.079080336	0.9158454	0.004089583	0.0006108664	0.9158454
CPT0091050006	PCD-PN	0.010814223	0.6076675	0.013852465	0.04884252	0.31882322	0.6076675
CPT0079050006	PCD-PN	0.0049868766	0.96684474	0.017073132	0.005316855	0.005778568	0.96684474
CPT0105420006	PCD-NF	0.0011508384	0.015167177	0.95429933	0.028364716	0.0010179037	0.95429933
CPT0098770013	PCD-A	0.009559571	0.1456258	0.039459072	0.002297847	0.80305773	0.80305773
CPT0126390009	PCD-A	0.044713452	0.15231287	0.0047271363	0.0014057952	0.79684067	0.79684067
CPT0126450009	PCD-A	0.12023561	0.17838565	0.004968666	0.037486386	0.65892375	0.65892375
CPT0128890009	PCD-PN	0.015348373	0.85941124	0.007294545	0.0010340464	0.11691179	0.85941124
CPT0126530009	PCD-NF	0.00022145823	0.011787824	0.9848241	0.0030061887	0.00016034987	0.9848241
CPT0126670009	PCD-NF	0.0006868193	0.15208806	0.83274496	0.013381865	0.0010983592	0.83274496
CPT0126740009	PCD-PN	0.02388866	0.49406388	0.018317377	0.24008755	0.22364244	0.49406388
CPT0186130009	PCD-A	0.026872689	0.26355597	0.326199	0.013948569	0.36942375	0.36942375
CPT0186180009	PCD-A	0.0026147459	0.063606694	0.0013378987	0.17398423	0.7584564	0.7584564
CPT0126810009	PCD-PN	0.004514722	0.9163424	0.034216844	0.022006404	0.022919703	0.9163424
CPT0136640013	PCD-A	0.003271024	0.25239104	0.0016317461	0.19859666	0.5441095	0.5441095
CPT0146380007	PCD-PN	0.00061871886	0.91980505	0.02450207	0.046274547	0.008799541	0.91980505
CPT0146480007	PCD-NF	0.018798327	0.08514087	0.718247	0.1739499	0.0038638383	0.718247
CPT0183250010	PCD-FA	0.0151459295	0.12477089	0.3759717	0.4768468	0.0072645824	0.4768468
CPT0147180007	PCD-A	0.0017483666	0.20489693	0.00041095784	0.0022917893	0.7906519	0.7906519
CPT0115830006	PCD-NF	0.0017067911	0.2198291	0.6714612	0.099681385	0.0073214937	0.6714612
CPT0241170009	PCD-PN	0.0020678139	0.7770842	0.0832841	0.041116826	0.096447185	0.7770842
CPT0234790009	PCD-FA	0.0025917627	0.23350039	0.14718078	0.595062	0.021665078	0.595062
CPT0234930010	PCD-NF	0.0048586302	0.13519147	0.7667668	0.039902844	0.053280327	0.7667668
CPT0147680007	PCD-FA	0.0017401399	0.19035129	0.25197953	0.5487277	0.007201311	0.5487277
CPT0187370009	PCD-A	0.11990331	0.30598572	0.0030118132	0.0030712758	0.5680279	0.5680279
CPT0208770009	PCD-FA	0.090033956	0.080796234	0.061691206	0.73889935	0.02857924	0.73889935
CPT0209020010	PCD-NF	0.0010406766	0.034132432	0.9315315	0.008103998	0.025191348	0.9315315
CPT0236420009	PCD-NF	0.004141925	0.07540366	0.75464666	0.14386857	0.021939201	0.75464666
CPT0197480009	PCD-P	0.79360336	0.15138495	0.0020389524	0.00745582	0.045517	0.79360336
CPT0197740009	PCD-P	0.6775005	0.04831242	0.0036094922	0.003270238	0.26730737	0.6775005
CPT0209490009	PCD-NF	0.016857594	0.008465935	0.96820486	0.004630768	0.0018409613	0.96820486
CPT0245780009	PCD-A	0.089975536	0.0757319	0.0035701373	0.02270476	0.8080176	0.8080176
CPT0245830009	PCD-P	0.533246	0.3208696	0.018641055	0.0019458903	0.12529755	0.533246
CPT0245880009	PCD-A	0.026416767	0.013597288	0.0339179	0.016019953	0.9100481	0.9100481
CPT0195510006	PCD-P	0.7055675	0.22881928	0.038094472	0.012576823	0.014942045	0.7055675
CPT0219360009	PCD-A	0.0011577787	0.091259435	0.18845975	0.0042723212	0.7148507	0.7148507
CPT0237060010	PCD-A	0.0035424882	0.011172642	0.0009170084	0.002914041	0.9814539	0.9814539
CPT0237200010	PCD-NF	0.004351981	0.017830417	0.9764049	0.0006396303	0.00077315845	0.9764049
CPT0237410010	PCD-NF	0.13339615	0.09639132	0.7267255	0.03847184	0.0050151683	0.7267255
CPT0237550007	PCD-NF	0.0003556515	0.021357715	0.97331595	0.0033289955	0.0016416735	0.97331595
CPT0237690010	PCD-P	0.5984891	0.084098615	0.27605358	0.0278524	0.013506325	0.5984891
CPT0237760009	PCD-NF	0.00067691243	0.005791654	0.9703193	0.022599699	0.00061242713	0.9703193
CPT0221650009	PCD-NF	0.00056635076	0.48613757	0.50409746	0.008048321	0.0011502939	0.50409746
CPT0237970007	PCD-A	0.011612246	0.43232194	0.07059278	0.016429625	0.46904343	0.46904343
CPT0238110007	PCD-FA	0.018607363	0.05184329	0.005103595	0.82404584	0.100399904	0.82404584
CPT0223790009	PCD-NF	0.0010701957	0.10617424	0.8910116	0.00042260005	0.0013213652	0.8910116
CPT0222730009	PCD-PN	0.016049564	0.49337754	0.47282606	0.0069810674	0.010765893	0.49337754
5b04b90a-7001-4521-a948-1f3fb3186e00	PCD-A	0.008104064	0.25674307	0.16778849	0.07721344	0.49015096	0.49015096
5fc1446e-05c7-45e3-a621-f8d89bacec63	PCD-P	0.79966885	0.10346251	0.0069461954	0.003135421	0.08678708	0.79966885
5d430ee2-3922-410e-bdf0-03c22bc346a7	PCD-A	0.03650908	0.07190676	0.40238574	0.002463068	0.48673528	0.48673528
bf6dce62-7b0e-4fbe-b888-5bca72a7691d	PCD-A	0.3115886	0.11994394	0.009766314	0.016617194	0.542084	0.542084
7089c3bb-b7dc-4fb9-8e3e-d81d16877afd	PCD-FA	0.0015455075	0.20730697	0.0403535	0.5713094	0.17948464	0.5713094
efa8c3d4-e157-47cf-9aa3-d17ca84f449a	PCD-A	0.085779704	0.07805888	0.021726664	0.03584767	0.7785871	0.7785871
ef54b470-891d-4678-98bb-e3573ad1eb91	PCD-NF	0.002600529	0.0406275	0.9310127	0.022601431	0.0031578657	0.9310127
9cd15857-b088-4b70-b258-a2e7d36dc5ba	PCD-A	0.0019896233	0.3169957	0.0016467398	0.043943454	0.6354245	0.6354245
a79f39da-704f-4996-ba09-623cfd885a7a	PCD-A	0.011172797	0.004745163	0.0014863748	0.0033492362	0.97924644	0.97924644
1f9c6b1c-7edd-4297-82ea-9f7bac608119	PCD-NF	0.0036022703	0.09308261	0.8893617	0.0044855443	0.009467955	0.8893617
5c2d7efc-4261-4826-9642-386f9f7020db	PCD-A	0.0020901372	0.0058665904	0.0020541777	0.0041557807	0.9858333	0.9858333
6b7638f5-4824-4a76-b1be-c0f1df94f3d0	PCD-NF	0.0051041143	0.13213557	0.7808276	0.03884484	0.04308791	0.7808276
9ed64888-3056-4118-86cc-bddaf9da2dda	PCD-PN	0.008941469	0.6999911	0.2365564	0.0014381853	0.053072922	0.6999911
0916f650-4853-4de5-988e-fd44843f231a__65dcde6d-351c-4398-b96f-5cdba3e479de	PCD-A	0.00286441	0.0074974117	0.00046025275	0.0007928967	0.9883851	0.9883851
1a501fe7-8152-43db-b03a-f6cf2f81c8a8__d0cbb5af-82fe-4c08-93a4-af9838d56279	PCD-A	0.008315598	0.016795445	0.0041492837	0.003839412	0.9669002	0.9669002
0d7e2b82-e85d-4045-b7e0-d508026099b7	PCD-A	0.013281581	0.40671635	0.03684929	0.119975396	0.42317742	0.42317742
d066647b-c078-42c5-acd0-13b0bfe49959	PCD-A	0.0025767854	0.0033603287	0.00077112083	0.0012564772	0.9920353	0.9920353
02b6a42a-4bf5-4443-b2c0-b3a4afa66032__91fda349-383d-4889-bf2b-16e5a9d3bc89	PCD-FA	0.003103759	0.050898142	0.021623436	0.85123366	0.07314098	0.85123366
1dec4a74-21d9-4e4d-8a43-b744ed81021a__564b1c81-93aa-4fec-ac06-19aa63cb735a	PCD-NF	0.0017603727	0.17847101	0.80937153	0.00863211	0.001764945	0.80937153
f45c05d5-f454-405f-b61f-47950292e7b9	PCD-PN	0.000713746	0.7159142	0.05080917	0.23111233	0.0014506141	0.7159142
5110d72b-f987-467e-a553-38105e1c97ea	PCD-NF	0.0008405076	0.36270788	0.55458283	0.017262487	0.06460625	0.55458283
8fcd999d-1ece-4f53-8cd9-a46522a8a89e	PCD-P	0.5360108	0.04878673	0.012116656	0.3712739	0.031811938	0.5360108
8b939486-d9b0-4c8f-89b7-235e038c44f9	PCD-A	0.0075890627	0.0900159	0.0031696288	0.1454195	0.75380594	0.75380594
7770e95d-ccf6-4403-b649-89a4e6d84528__aae7532e-5004-43ec-b568-758ee413448e	PCD-PN	0.0026438583	0.37350595	0.3633405	0.17691019	0.08359954	0.37350595
a04704c3-551a-4d55-8755-c30e6f8d1e8b	PCD-FA	0.0004185303	0.0259795	0.017384062	0.95392615	0.0022917925	0.95392615
5b0b9fe2-e9f0-4d1d-80a6-6d0612e5e826__e34ae499-b9c7-4bf8-bba6-2c266428126d	PCD-A	0.014494504	0.012761563	0.008296473	0.0032458466	0.96120155	0.96120155
b87c5150-707b-4c18-a920-36941442c41a__bf70b142-4d9e-4718-93b6-9a3642c311f6	PCD-A	0.034771062	0.007906462	0.00041327556	0.0014253098	0.9554839	0.9554839
810aa548-fa75-41f7-a67e-fb82ba1060b0	PCD-NF	0.31936076	0.07292763	0.43108016	0.119859055	0.0567723	0.43108016
7a0e451f-c0c6-49e9-a5c1-798e6937051d	PCD-NF	0.0006268687	0.08840945	0.84183997	0.047316223	0.021807473	0.84183997
5c24082b-d2a0-4385-b051-aea9b987024a	PCD-NF	0.0010888232	0.18013889	0.41236028	0.11677269	0.28963932	0.41236028
12d6e4b4-d8bd-4a65-b698-52905b1ff060__38009c49-7d29-442b-aad6-f0c56ace0236	PCD-A	0.012582482	0.35832083	0.13315646	0.10827419	0.38766605	0.38766605
b8aab8b9-4434-4073-93ec-f14b342f74f1	PCD-FA	0.027826877	0.062014714	0.0018891912	0.8997292	0.008540085	0.8997292
7447f78d-a882-42c2-a527-7bbb2b0efbb1	PCD-PN	0.11984269	0.47391617	0.038414113	0.0818953	0.28593174	0.47391617
ac44403c-4937-4aff-bbc5-7afbd968a321	PCD-A	0.019549036	0.36396784	0.14315818	0.0065573533	0.46676758	0.46676758
85aeecb4-4646-4a87-a7bf-75349cd2a38e	PCD-FA	0.0021473388	0.12901655	0.030841809	0.8233868	0.014607445	0.8233868
e94bafbc-cfcc-4b38-ab40-c87f2c091466	PCD-NF	0.0024142826	0.100488484	0.8690784	0.010237794	0.017781079	0.8690784
15df4c79-9b2f-449f-bb9d-c9754cd810fd	PCD-FA	0.012278924	0.046944037	0.0040754206	0.653911	0.28279066	0.653911
8555f2c4-3c91-42e3-b89a-8d0dc872e2e6	PCD-P	0.61538166	0.07434077	0.04487573	0.13556547	0.12983644	0.61538166
efeb7246-cbba-461f-a693-d2b5376c52cd	PCD-A	0.0016208696	0.46848404	0.019839497	0.002686033	0.5073696	0.5073696
52cae69c-ee07-49b4-83de-a2e98eaece44	PCD-PN	0.024497833	0.60962766	0.26286823	0.009847029	0.09315931	0.60962766
8b8bc406-a6ec-416a-866d-6ed54e3dde07	PCD-A	0.0016564069	0.31445533	0.0090058055	0.002931857	0.67195064	0.67195064
4c5261a7-5039-47cc-8076-01a543db3a05	PCD-PN	0.0004189976	0.89306444	0.08339836	0.018398168	0.004719944	0.89306444
0cb73dd0-8f2e-44c1-8c75-0b74ed943f47	PCD-PN	0.0017219738	0.45035052	0.4399538	0.048781615	0.059192065	0.45035052
6f7faba0-9b1f-4a03-8ae0-13df6339b88f	PCD-PN	0.4701571	0.4894721	0.029230798	0.0022064992	0.008933416	0.4894721
918ed26f-7a7b-4dd7-98d1-08b38b3f9c2c__c3afb604-a6e5-484e-a919-89f2b8f37b26	PCD-NF	0.0075306017	0.07614894	0.8419521	0.046515357	0.027852999	0.8419521
82380a8f-4162-4562-8c2f-9e9c11f3ccc6	PCD-FA	0.004186376	0.420071	0.033492453	0.5236875	0.018562712	0.5236875
5335fb6e-1460-4b8d-aba6-04648411fb73	PCD-PN	0.0011793695	0.7614833	0.012281632	0.0026526705	0.2224031	0.7614833
e8dd0bc0-09e8-460c-81cb-ca5baaf676fb	PCD-NF	0.39490274	0.068939194	0.46976024	0.0015388945	0.064858936	0.46976024
517448c8-b5e5-433a-b5d0-45d43066cc75	PCD-A	0.20583738	0.14126225	0.00290759	0.0020746058	0.64791816	0.64791816
fd5947da-62ba-4cee-8746-c7039524878d	PCD-P	0.58942163	0.30564043	0.015377136	0.003331431	0.086229324	0.58942163
4bf051f8-67eb-4ce2-abb0-37359d673d38	PCD-PN	0.0016783134	0.81649894	0.06323014	0.11594687	0.0026456218	0.81649894
3184995a-cac9-4f64-9c64-77352d8b58d3	PCD-NF	0.00094374816	0.10307413	0.8857797	0.008649182	0.0015532275	0.8857797
0df1ad07-20e1-40f1-ba0a-4ac63fa446fd	PCD-PN	0.0064407634	0.68131906	0.035230704	0.2710047	0.006004723	0.68131906
a58b5126-18d2-4815-83d7-0223dc4d2174	PCD-FA	0.04121974	0.096496925	0.048513457	0.6667844	0.14698544	0.6667844
94160dfb-8b48-41b7-bfc2-df9fb0ec5f84	PCD-PN	0.009642891	0.38398254	0.026192723	0.34896082	0.23122104	0.38398254
8fda7a26-b114-4a36-8448-534af5fac25f	PCD-P	0.5034797	0.0722507	0.0032808464	0.0016624543	0.41932625	0.5034797
16ba6131-09c5-4c7a-a103-148962ff1ac7	PCD-PN	0.005597063	0.7528505	0.22964698	0.004415924	0.0074895048	0.7528505
3a2a7eb1-fa22-4308-9abf-5acc1210cda3	PCD-P	0.3885191	0.29324988	0.30741808	0.0034094765	0.007403479	0.3885191
6f6b9478-2f80-422b-b151-c1da62b571af	PCD-FA	0.004308509	0.053581264	0.019241402	0.91750664	0.005362226	0.91750664
38d26cbe-2e63-4789-b4d4-4b9c2715125c	PCD-FA	0.02421714	0.07948986	0.19050097	0.40650067	0.2992913	0.40650067
c10aea56-f0f2-4315-aa2c-e8e16230fba8	PCD-FA	0.00083667994	0.026603352	0.009220474	0.95864326	0.0046961806	0.95864326
48aa2055-ff38-4beb-b504-188824e16e5e	PCD-P	0.42742407	0.37800413	0.16257928	0.006106539	0.025886063	0.42742407
c1f54a2a-9aa5-453a-ab5f-787f76128ef0	PCD-NF	0.06449799	0.18553875	0.6675256	0.07721245	0.005225207	0.6675256
0e022387-2bb6-4845-ac04-29377255f7b5__a8af99e3-91ab-401e-9426-45c0c234db24	PCD-NF	0.09435576	0.33219627	0.48749766	0.043356705	0.042593647	0.48749766
f1fe8ed0-b21f-44c3-9d95-8c7a99aa3f86__fa27999e-f86a-43bc-9e79-0dd62efaee45	PCD-FA	0.0074213436	0.14588273	0.047150563	0.79224885	0.007296485	0.79224885
730e9961-2e11-4b35-82de-0f2d00091d00	PCD-A	0.00053520745	0.0016084921	0.0003601958	0.007643982	0.98985213	0.98985213
b0474873-bbb2-4911-b163-e86be63c1ecd	PCD-A	0.0012929424	0.053349137	0.06870475	0.0054946467	0.8711585	0.8711585
8b4a665a-4452-4c1f-8d8e-a285119f9f7c	PCD-NF	0.031353764	0.20755069	0.48937216	0.0066541946	0.26506916	0.48937216
ecf9bf66-72fe-45bb-92a7-889ddcec58f4	PCD-FA	0.0013917668	0.20571949	0.020764356	0.70574915	0.066375226	0.70574915
c61ab2cf-e3cb-49c4-bfce-879417d1f31b	PCD-P	0.7820258	0.127271	0.027888298	0.057454392	0.005360559	0.7820258
2d4c601a-b89e-4a15-b2ce-42c0bc12cd0a	PCD-FA	0.0022917306	0.053008985	0.066013835	0.873386	0.0052994303	0.873386
6ed156f4-b871-491c-aacf-4cd304dbe00c	PCD-A	0.018625353	0.070504285	0.02666281	0.029912619	0.8542949	0.8542949
5849c6ba-baef-4924-8591-57b174c4384f	PCD-PN	0.025456522	0.6185611	0.052619614	0.27867472	0.024688054	0.6185611
f9201b9d-3204-4a2f-a0a7-3313a9627afa	PCD-PN	0.0024321678	0.89119774	0.018434571	0.05132857	0.036606967	0.89119774
50964e7c-9b6a-44ad-aa7f-aaa838108831	PCD-FA	0.009633876	0.06711714	0.27456608	0.6439991	0.00468379	0.6439991
6575f526-cb75-4c5c-b861-ce4a423f2140	PCD-NF	0.09423257	0.1058664	0.7531297	0.007349667	0.039421745	0.7531297
1f8f374c-aada-4bb8-8af3-f906318fce5d	PCD-FA	0.058766533	0.14624546	0.26251414	0.44862622	0.08384756	0.44862622
639f6862-bffc-4558-819d-5d813a2587da	PCD-FA	0.013171856	0.42689088	0.051801015	0.43540502	0.07273114	0.43540502
3f19a0e0-4777-4895-ae5e-87228405a1b4	PCD-FA	0.010557467	0.093364164	0.31416792	0.49810252	0.083807915	0.49810252
a72e5c0f-014b-457f-bfc6-ed9e3ba0b707	PCD-PN	0.035292566	0.67374957	0.10571686	0.10715836	0.07808265	0.67374957
f4a35ac3-33b3-4c83-9b72-5a484ca93609	PCD-A	0.399155	0.14808232	0.0046145255	0.0050193015	0.44312885	0.44312885
5b77a130-063d-4e58-ad06-84681f572c3a	PCD-A	0.040190253	0.09287327	0.005542118	0.0052274475	0.85616696	0.85616696
0de66ed3-492f-4fac-98d0-7778d5fc1d1c	PCD-A	0.03201359	0.011174059	0.0015094543	0.0026711542	0.9526317	0.9526317
bfd77e02-72a1-48b3-b5fc-1d8b9d53d6fb	PCD-A	0.0025779903	0.28838506	0.060077593	0.0036436592	0.64531565	0.64531565
7e4bc0be-dc46-475d-a4c5-9db183bbcaa5	PCD-A	0.28429237	0.09127126	0.16501553	0.024421092	0.43499973	0.43499973
585d8c0e-6417-495b-aa1a-147ea2ba5491	PCD-A	0.026362356	0.029375454	0.03687438	0.0032156268	0.90417224	0.90417224
c9d1072d-dac7-4b55-a97f-78cc0f307846__edbc129b-de5f-4bb6-b48f-5b5c67669813	PCD-A	0.0015636538	0.14030309	0.059165522	0.02199954	0.7769681	0.7769681
47e96521-f2aa-4eeb-810e-bc8b658cebb1__9e1704c0-a7fb-4e79-bd54-5a4906f68e9e	PCD-PN	0.0016308209	0.6698285	0.2120638	0.0047443258	0.11173249	0.6698285
03b68344-c125-4f70-a4aa-395925d652cc__78e68f7e-e4c8-4929-9004-9567051617cc	PCD-P	0.98950946	0.0059015574	0.00092937105	0.0008255626	0.0028339592	0.98950946
7afe8c34-3c9f-4cd4-9da0-bfed560c42c7__beec021d-aaba-4127-bbf3-18e1176806b3	PCD-FA	0.0028458291	0.3823726	0.13219002	0.42631948	0.05627216	0.42631948
0e2ffa31-131b-490a-8ef1-7e6ebe561fda	PCD-P	0.566254	0.033312425	0.004671446	0.003462007	0.3923001	0.566254
628dd640-68cc-4660-a10c-c4b1cb227ca4	PCD-P	0.59455395	0.043467775	0.34272763	0.011240111	0.008010484	0.59455395
1f61b8a4-cb8a-4d26-a683-0c8541b2d60c	PCD-A	0.0037176143	0.2947016	0.2779384	0.10801018	0.3156322	0.3156322
58643f52-5d14-4df4-828c-01870e03e098	PCD-FA	0.021774586	0.10822727	0.21801998	0.63018215	0.021796018	0.63018215
43b51f33-3245-4a9f-a6b3-b32f0a134585	PCD-NF	0.00538479	0.004020976	0.9883924	0.0013206323	0.0008812398	0.9883924
3e7ab893-bc40-4ae7-af5c-dd2e34db9cb6	PCD-NF	0.017882125	0.17512888	0.7057228	0.098343395	0.0029227624	0.7057228
7e7cc8ae-9036-49b7-807d-23b67526db5d__c1dbb963-66eb-4e3b-8add-bda7e2b88584	PCD-P	0.8729888	0.09674488	0.016913237	0.0025065164	0.010846652	0.8729888
1e7b9bdf-7b27-4ff5-a863-85e27b5730f7__3a317772-0b0c-473d-be79-499b01c5dd48	PCD-FA	0.0016204704	0.24662936	0.18153846	0.48591292	0.084298745	0.48591292
2b0228ac-182d-48b4-aa06-821a106a5990__b7bec81b-d761-4372-a6f8-cc0458ce699b	PCD-A	0.004239755	0.0808349	0.028830478	0.004536743	0.8815581	0.8815581
64243640-3f92-4da8-853d-cc1226eb9de6__b9651b33-cc5b-416a-9b16-f41b6d1d054e	PCD-FA	0.0010632377	0.20650877	0.007399614	0.77979356	0.005234781	0.77979356
15f4344b-0c6b-4972-966d-3bc50efb8486__e7589bdd-faff-4e0b-86b9-8c6dc65a8ffc	PCD-A	0.080034725	0.0627789	0.0020898876	0.0035904434	0.851506	0.851506
4be3d5ff-7225-432d-a320-8eac6b4d2cd4__60ee923c-845b-4488-9ad1-fa452f5469b4	PCD-P	0.6505499	0.08178824	0.009180796	0.043404747	0.21507633	0.6505499
6d4f96c4-c7b6-4176-9813-6f5ebec3bc61__8bea0c7e-81f1-4954-bd9e-ee7136899685	PCD-FA	0.002209422	0.24598497	0.013439221	0.37717828	0.36118808	0.37717828
d48a2efe-a809-4b8a-ba2a-11b866fa9882__f573a3bb-f782-4f1a-8678-c04d69c253bc	PCD-P	0.7283649	0.14376052	0.105359524	0.0030906461	0.01942444	0.7283649
3226f1b3-9ccb-4b9a-8afd-638fe281d27b__798d832f-d911-40e2-a7d6-b4d3a92d58f7	PCD-PN	0.0031391243	0.82419723	0.036583036	0.10221879	0.033861797	0.82419723
3d72ac02-1c27-446b-ad4c-e2c2eaf53331__966baff9-7cd3-4f82-82fa-3ea252e57973	PCD-NF	0.011253783	0.28287274	0.45380002	0.16715805	0.08491535	0.45380002
27398775-c29a-44d5-b2c0-3f30814c9310__67791d47-04e8-4dcb-8c65-9eebe0fca563	PCD-PN	0.003089639	0.65030247	0.044055767	0.17114303	0.13140908	0.65030247
5fef2f67-378e-4579-9bda-77bbaba63c62__846ff460-3d2d-4321-9bb5-ae6d009124bc	PCD-FA	0.0010585673	0.021070132	0.0035252834	0.9697462	0.00459981	0.9697462
184a322f-43f7-4abf-93d3-8488c0d98312__21cca33c-2d3a-4441-bde2-89a21caa0ec2	PCD-NF	0.023625791	0.29039448	0.5798831	0.09066376	0.015432815	0.5798831
02fd1085-e890-47bf-9e8b-a8038c547308__9e2e2648-e67d-4fea-9681-778c3c373606	PCD-FA	0.0011222159	0.26870352	0.16921808	0.55311656	0.007839652	0.55311656
CPT0088320006	PCD-A	0.0047995504	0.11304196	0.00059896155	0.0016243032	0.8799352	0.8799352
CPT0162660010	PCD-A	0.034402274	0.35386714	0.050539706	0.008332936	0.552858	0.552858
CPT0198420010	PCD-A	0.35495758	0.1789826	0.026317086	0.003656171	0.4360866	0.4360866
CPT0208690010	PCD-P	0.9353674	0.020902155	0.0051355916	0.0008887468	0.037705995	0.9353674
CPT0077860009	PCD-A	0.19626176	0.258126	0.025679508	0.2383645	0.28156823	0.28156823
CPT0063570006	PCD-FA	0.11267816	0.10535777	0.006931744	0.48597246	0.28905985	0.48597246
CPT0162760009	PCD-PN	0.015967008	0.67248255	0.030432548	0.0020562005	0.27906176	0.67248255
CPT0094230007	PCD-A	0.0048290025	0.118398264	0.0068701645	0.0031612278	0.86674136	0.86674136
CPT0246260007	PCD-A	0.40152165	0.039475128	0.019195648	0.0072364975	0.53257114	0.53257114
CPT0226530014	PCD-FA	0.008134951	0.22642718	0.07292803	0.6448239	0.04768601	0.6448239
CPT0093930007	PCD-P	0.8963774	0.06672225	0.0046154885	0.016917154	0.015367673	0.8963774
CPT0186040010	PCD-PN	0.007106531	0.51883596	0.2236153	0.0048522027	0.24559006	0.51883596
CPT0238820011	PCD-FA	0.0027900746	0.30023253	0.031071763	0.4770486	0.18885702	0.4770486
CPT0248590014	PCD-P	0.5923159	0.1254615	0.24807014	0.020740746	0.013411677	0.5923159
CPT0109110007	PCD-FA	0.00075105834	0.031103626	0.088283904	0.87141794	0.008443466	0.87141794
CPT0227930010	PCD-FA	0.008001583	0.048531476	0.015064769	0.9217494	0.0066527757	0.9217494
CPT0001730008	PCD-A	0.0038396702	0.0424327	0.0065727807	0.38477087	0.56238395	0.56238395
CPT0088180007	PCD-A	0.021334946	0.2663074	0.0018084005	0.007970299	0.70257896	0.70257896
CPT0094030006	PCD-P	0.8250148	0.08438158	0.0390159	0.036624055	0.014963647	0.8250148
CPT0081360010	PCD-A	0.0021577736	0.13559276	0.00890426	0.01973271	0.83361256	0.83361256
CPT0094130007	PCD-PN	0.0031905803	0.7013018	0.115430124	0.12840487	0.051672716	0.7013018
CPT0094940007	PCD-FA	0.0030111196	0.26002714	0.0063582715	0.6127948	0.11780864	0.6127948
CPT0109300007	PCD-PN	0.0075434158	0.78657097	0.039201453	0.11024147	0.056442693	0.78657097
CPT0198700011	PCD-A	0.002386121	0.0066867727	0.0050352826	0.01572388	0.970168	0.970168
CPT0246940009	PCD-A	0.012858082	0.3047619	0.0142181795	0.0037836034	0.6643782	0.6643782
CPT0086190007	PCD-FA	0.013765703	0.07512401	0.03082792	0.87444496	0.005837449	0.87444496
CPT0237910010	PCD-FA	0.0014043697	0.08546423	0.010358082	0.8781867	0.024586566	0.8781867
CPT0197420010	PCD-A	0.004005205	0.07457054	0.0106218085	0.012353601	0.8984488	0.8984488
CPT0185920010	PCD-PN	0.0037356126	0.49977538	0.040152606	0.012220695	0.44411567	0.49977538
CPT0183450011	PCD-A	0.20260629	0.37284726	0.017308818	0.0039055918	0.4033321	0.4033321
CPT0064090009	PCD-PN	0.0038853467	0.60652184	0.023350162	0.36257604	0.0036665278	0.60652184
CPT0124360009	PCD-FA	0.09899701	0.34115428	0.006100187	0.519384	0.034364473	0.519384
CPT0166650012	PCD-PN	0.013958491	0.6271427	0.14829332	0.021471968	0.18913344	0.6271427
CPT0109200007	PCD-PN	0.013180331	0.504868	0.031183032	0.010639495	0.44012913	0.504868
CPT0108400006	PCD-A	0.008054007	0.260576	0.024715597	0.15049794	0.5561564	0.5561564
CPT0238530011	PCD-A	0.0009412977	0.036430564	0.007607684	0.002035015	0.95298547	0.95298547
CPT0078000009	PCD-A	0.008084358	0.23455223	0.010142407	0.19861619	0.54860485	0.54860485
CPT0236780011	PCD-A	0.029419784	0.1616371	0.32712325	0.013957307	0.4678625	0.4678625
CPT0124500010	PCD-FA	0.05264507	0.067080244	0.013452417	0.71029127	0.15653104	0.71029127
CPT0208840010	PCD-P	0.9250843	0.039663676	0.011786981	0.0011355688	0.022329478	0.9250843
CPT0248410010	PCD-A	0.00185735	0.18687451	0.0039034348	0.0017603292	0.80560434	0.80560434
CPT0077930010	PCD-P	0.82905114	0.08200753	0.0067562843	0.004528976	0.07765602	0.82905114
CPT0217700010	PCD-A	0.02098179	0.16500056	0.19071399	0.0063000005	0.6170037	0.6170037
CPT0094630007	PCD-FA	0.0065572187	0.20018949	0.06433606	0.53432274	0.1945945	0.53432274
CPT0208550011	PCD-NF	0.33565116	0.11248943	0.47942507	0.011116726	0.06131765	0.47942507
CPT0221470011	PCD-FA	0.00047460393	0.03312895	0.010188686	0.9533089	0.0028989252	0.9533089
CPT0237270008	PCD-FA	0.001445605	0.13697489	0.053698115	0.7691486	0.038732797	0.7691486
CPT0247040006	PCD-NF	0.28743136	0.05236484	0.5899781	0.0514486	0.018777074	0.5899781
CPT0109010007	PCD-A	0.0009057773	0.27813318	0.005080803	0.32536313	0.39051706	0.39051706
CPT0198910011	PCD-PN	0.10135968	0.5027567	0.37359697	0.0038340525	0.0184526	0.5027567
CPT0092630006	PCD-FA	0.0023247614	0.09375195	0.12725386	0.7732448	0.0034245672	0.7732448
CPT0203850010	PCD-PN	0.005261193	0.5870772	0.3732555	0.010613828	0.023792299	0.5870772
CPT0226570010	PCD-A	0.0063315677	0.10378052	0.0686978	0.09578885	0.7254012	0.7254012
CPT0226760010	PCD-A	0.16337688	0.10770555	0.04969637	0.003584469	0.6756367	0.6756367
CPT0091660006	PCD-FA	0.1734744	0.10451389	0.026221132	0.6041585	0.0916321	0.6041585
CPT0081260010	PCD-FA	0.0016610118	0.19475566	0.14678979	0.44526935	0.21152425	0.44526935
CPT0123650006	PCD-FA	0.000536624	0.48372996	0.0074731293	0.50414073	0.0041195843	0.50414073
CPT0125130009	PCD-FA	0.18628599	0.22613364	0.037092235	0.53690565	0.013582503	0.53690565
CPT0236700011	PCD-NF	0.14012957	0.016967809	0.8235926	0.014566021	0.004743913	0.8235926
CPT0238920010	PCD-NF	0.0024481914	0.097978726	0.77092916	0.1148357	0.013808276	0.77092916
CPT0081470010	PCD-PN	0.0027905102	0.60988724	0.019837677	0.27736056	0.09012393	0.60988724
CPT0246810013	PCD-NF	0.080768466	0.39649096	0.45258778	0.008529467	0.06162321	0.45258778
CPT0246720009	PCD-A	0.0042508566	0.16476157	0.03533431	0.004151921	0.79150134	0.79150134
CPT0238040011	PCD-PN	0.18174887	0.48408633	0.044672422	0.13870919	0.15078321	0.48408633
CPT0000250008	PCD-NF	0.09742608	0.17956208	0.35498002	0.33965948	0.028372305	0.35498002
CPT0094740007	PCD-NF	0.035115913	0.28482193	0.38413614	0.109681785	0.18624428	0.38413614
CPT0254680009	PCD-P	0.6556791	0.06250195	0.011036074	0.0055653816	0.2652175	0.6556791
CPT0209310014	PCD-A	0.00050902634	0.04383877	0.016587999	0.0035117243	0.9355525	0.9355525
CPT0126160007	PCD-PN	0.03740449	0.59217	0.09799563	0.04651577	0.22591417	0.59217
CPT0025750006	PCD-PN	0.0011011399	0.44274765	0.3988951	0.15080811	0.006447951	0.44274765
CPT0063970010	PCD-FA	0.0042704344	0.28160182	0.061118264	0.62252015	0.03048931	0.62252015
CPT0008750009	PCD-NF	0.034653254	0.39647898	0.47747117	0.0027500044	0.088646635	0.47747117
CPT0264150006	PCD-PN	0.004650414	0.4971178	0.07366438	0.33285066	0.09171674	0.4971178
CPT0078250009	PCD-PN	0.0093247965	0.85559446	0.11806128	0.0016033485	0.015416188	0.85559446
CPT0236560010	PCD-NF	0.007459871	0.21644743	0.44998807	0.3104391	0.015665498	0.44998807
CPT0078090010	PCD-PN	0.010746612	0.6901315	0.027779328	0.0066387365	0.26470393	0.6901315
CPT0124980010	PCD-FA	0.003760226	0.1781332	0.032894693	0.77338344	0.011828416	0.77338344
CPT0207780007	PCD-NF	0.04788258	0.05384975	0.8022637	0.07405016	0.021953817	0.8022637
CPT0226490010	PCD-A	0.0054820227	0.1377169	0.24279413	0.2511717	0.3628353	0.3628353
CPT0019410007	PCD-NF	0.0055200453	0.0991381	0.66219926	0.18203978	0.051102787	0.66219926
CPT0226650010	PCD-P	0.94588464	0.039879784	0.0035191078	0.0006194058	0.010097217	0.94588464
CPT0174700010	PCD-PN	0.0027061657	0.60715127	0.029509688	0.010271961	0.3503609	0.60715127
CPT0207980011	PCD-NF	0.035612043	0.13597792	0.71782744	0.0987842	0.011798399	0.71782744
CPT0166760010	PCD-P	0.9132734	0.05870969	0.009086316	0.0007921708	0.018138384	0.9132734
CPT0241500010	PCD-NF	0.00036437003	0.04633008	0.9512408	0.0015860552	0.00047873255	0.9512408
CPT0127270009	PCD-PN	0.0062006176	0.5860603	0.015073851	0.3900838	0.002581491	0.5860603
CPT0087890007	PCD-NF	0.15909806	0.30129272	0.5197518	0.009244861	0.0106125735	0.5197518
CPT0108930006	PCD-FA	0.021146206	0.28054395	0.01870641	0.6007898	0.078813665	0.6007898
CPT0161770010	PCD-PN	0.34596056	0.35433096	0.1335138	0.008976846	0.15721785	0.35433096
CPT0011520009	PCD-NF	0.0023139927	0.11015277	0.8630637	0.003926082	0.020543369	0.8630637
CPT0083270009	PCD-FA	0.031040952	0.07637857	0.029951762	0.8489334	0.0136953425	0.8489334
CPT0238610015	PCD-P	0.9836961	0.006432676	0.0074159116	0.00086056517	0.0015947475	0.9836961
CPT0246990009	PCD-NF	0.0062110056	0.2781611	0.5475355	0.07884346	0.089248925	0.5475355
CPT0221240010	PCD-NF	0.015449196	0.3003742	0.658453	0.0021043713	0.023619324	0.658453
CPT0124610010	PCD-P	0.9716537	0.010560673	0.011781298	0.004187536	0.0018168008	0.9716537
CPT0241320011	PCD-FA	0.012895737	0.32942837	0.08627504	0.55700576	0.014395064	0.55700576
CPT0226600010	PCD-P	0.9446986	0.02557052	0.02243723	0.002473666	0.0048199915	0.9446986
CPT0014040009	PCD-A	0.0025403255	0.039964892	0.0021552453	0.014290185	0.94104934	0.94104934
CPT0088260007	PCD-A	0.002097257	0.16722083	0.0032513975	0.0054702675	0.8219602	0.8219602
a55424f0-5943-47f9-abd1-ee530352580d	PCD-NF	0.080108106	0.10076072	0.7088688	0.10388547	0.0063769235	0.7088688
4cdb7c3b-44af-4445-8635-05026e1a0a7c	PCD-FA	0.0009882173	0.031159764	0.11625977	0.84973717	0.0018550648	0.84973717
97a05a2d-ab19-4a06-967f-285701da6b0c	PCD-FA	0.29171947	0.067437015	0.03331045	0.5602307	0.047302425	0.5602307
660c8f9a-8401-4cd7-87ac-5428d97ad36c	PCD-FA	0.0015257313	0.049396116	0.09837429	0.7018451	0.14885879	0.7018451
f8756add-b285-4a9b-bd68-0d53e845919f	PCD-P	0.84050053	0.015466989	0.10631034	0.035848852	0.001873316	0.84050053
e5730709-8f12-4e76-94d5-a437b18909b5	PCD-A	0.010101847	0.3963275	0.1489953	0.0063145254	0.4382608	0.4382608
4cbe6180-9d20-4e92-80ec-14bdb8b12564	PCD-NF	0.005450191	0.12463144	0.77382064	0.06450312	0.031594545	0.77382064
56c48cff-8316-4746-8774-6bb7cf627d17	PCD-NF	0.00030878882	0.023496278	0.9734354	0.0007972929	0.0019621702	0.9734354
4ddeea74-8c1f-42ad-a906-728d398c09b0	PCD-A	0.16319709	0.14561723	0.00963808	0.0012303215	0.6803173	0.6803173
4339afb1-4391-4ec1-b9a8-05d6c37590e1	PCD-A	0.0012367024	0.07943832	0.0028805353	0.020803075	0.89564145	0.89564145
46eca875-a327-478f-a086-d4111f19ee11	PCD-P	0.7919084	0.06166477	0.037645236	0.08527457	0.023507103	0.7919084
124c1f32-0988-4240-932f-e2f6daa0205f__324fc91e-aba8-4a1f-95f9-3a1938419a95	PCD-PN	0.004626316	0.8240006	0.0516793	0.006844524	0.112849265	0.8240006
2a1a2f54-441f-4a94-99ee-9359bae39a7b	PCD-P	0.91171753	0.02159574	0.051722743	0.00059730245	0.014366643	0.91171753
0c2d3f13-eb08-48bb-aca9-ec0d32f1d93a	PCD-NF	0.0002618661	0.038134906	0.9598705	0.0012869241	0.00044581262	0.9598705
481359ef-8584-4a39-b1d5-96db3e09f544	PCD-PN	0.0016190801	0.6582537	0.23232451	0.085259095	0.022543566	0.6582537
508ad682-5b7c-46f3-8cee-b795df2e4911	PCD-NF	0.0014733357	0.027827963	0.95423007	0.012252737	0.0042159637	0.95423007
5a0dc015-c3c9-4d42-a7be-299dd057f624	PCD-A	0.018755728	0.039111376	0.002064896	0.10010185	0.8399661	0.8399661
f2cf780a-e262-4349-bc39-9f126bbec4d3	PCD-PN	0.002355155	0.5165888	0.38145143	0.09136789	0.00823675	0.5165888
f337b2f5-e689-43bc-904a-2ab7cd9b3ecd	PCD-A	0.21205129	0.15165095	0.022130352	0.18530592	0.4288614	0.4288614
b5a48fac-f425-42ac-ad39-978efdf66e8e	PCD-NF	0.0020212014	0.07547718	0.91661936	0.0041102874	0.0017720433	0.91661936
67f0e427-10b4-40f8-9adf-cef2a2f7f718	PCD-NF	0.038079135	0.21153499	0.68141073	0.053592466	0.015382606	0.68141073
6d000f49-2309-4b4d-bd2f-59dbcb863398	PCD-FA	0.0016702987	0.09791438	0.039105374	0.80034316	0.060966764	0.80034316
c64fd59d-d632-47fe-af37-fbfe86b645a4	PCD-FA	0.016691405	0.13796644	0.020893507	0.54553765	0.27891096	0.54553765
9bd1f3db-f745-47b2-bbb6-f1346333a7a7	PCD-P	0.46917218	0.039856896	0.4140912	0.048507363	0.02837236	0.46917218
6b7009d2-e40f-4e71-82ef-fbc631c04d4e	PCD-A	0.00048624646	0.0364178	0.0022325185	0.0155289415	0.9453345	0.9453345
462b9226-041d-4bce-8851-f59f14cdbe32__ec4a2a97-464d-4d7d-abb5-b2455b968170	PCD-A	0.01936134	0.09230638	0.002497669	0.21362896	0.6722056	0.6722056
d6dba5d3-59b9-4a78-8006-92b8cee19c3a	PCD-A	0.0041383607	0.18237667	0.007899054	0.02056333	0.7850226	0.7850226
020e5c88-a6ea-4d7b-a179-7b48030a8216	PCD-NF	0.002754193	0.067333736	0.8654436	0.05974787	0.0047206455	0.8654436
66103b0a-c4b5-4c14-be56-a4fb7c15b0c6	PCD-A	0.10148991	0.11233011	0.0055257212	0.028027998	0.75262624	0.75262624
0813843c-83cd-4c44-8f33-d4b3a79ace79__ed19d15d-4d19-49ad-a628-3f2cdfb930c8	PCD-A	0.0023751552	0.036223743	0.004584392	0.002585787	0.95423096	0.95423096
431cc31c-012f-4a15-9cba-17c0151795fe	PCD-FA	0.0009500739	0.062805	0.036765903	0.8144183	0.08506072	0.8144183
e2dea305-497f-45dd-85a4-f4c16d629019	PCD-A	0.0028077532	0.29627687	0.018855743	0.010845488	0.6712141	0.6712141
5666a27c-0482-4df9-8f8a-c84f2080a24b	PCD-P	0.39975098	0.14368998	0.04097832	0.016573261	0.39900747	0.39975098
0f5896ec-657e-4ef4-b357-960ff7184915	PCD-PN	0.40601745	0.5157959	0.06340991	0.0014510785	0.01332569	0.5157959
9cf77477-96bc-4bf7-a651-3b9f71e6b5ba	PCD-FA	0.0019353986	0.32555297	0.027173156	0.5288102	0.11652829	0.5288102
54aa8554-f395-4141-bf30-68880004ce94	PCD-A	0.030037925	0.17199722	0.0120059475	0.0013383433	0.7846206	0.7846206
1e73f17f-ea14-406f-90fa-c6332761d378	PCD-NF	0.2744791	0.08074282	0.32310584	0.032341253	0.28933096	0.32310584
b71e6d8f-332b-437f-812f-c813c6131f8b	PCD-NF	0.002440284	0.23396647	0.5009911	0.19654237	0.06605975	0.5009911
2bdc2690-67ff-4c2c-b9df-5ebd5e75ed2a	PCD-A	0.007375872	0.08181991	0.0048524416	0.33131853	0.57463324	0.57463324
28853994-8f46-4215-ba2b-406839b58af4	PCD-A	0.01163351	0.01592504	0.00062403124	0.006944229	0.96487325	0.96487325
d4d7019b-9786-45a1-89fd-ccb4005dce06	PCD-A	0.0005508971	0.007085417	0.00096697634	0.047218014	0.94417876	0.94417876
69e3153e-c277-48af-ac94-88458b0849a2	PCD-A	0.00788394	0.03979047	0.004710248	0.07336658	0.87424874	0.87424874
507cc6b0-9e00-4e33-a222-2175b5ec1d15	PCD-P	0.663845	0.24842207	0.037306745	0.015342892	0.035083205	0.663845
4783b5d3-ba02-413d-9f2c-71af0b74aab5	PCD-A	0.0099708615	0.00528857	0.005493935	0.035047047	0.94419956	0.94419956
3af3fd57-fbb6-4521-abac-d47b169a3553	PCD-A	0.021482768	0.33879402	0.058445986	0.0022063265	0.57907087	0.57907087
93cc0ce3-314a-47f7-8969-27db9b696b3c	PCD-PN	0.14716822	0.6983056	0.049861573	0.025989318	0.07867522	0.6983056
8fa891af-2ab9-4e1a-9c68-34d2f5ad231f__e530dbf3-740e-4175-8997-52d6561db603	PCD-FA	0.0019632222	0.34658223	0.0052100564	0.61544585	0.030798698	0.61544585
238707f3-1bdd-4ff7-8e52-6a639e025c18	PCD-PN	0.17933235	0.27839673	0.0066766273	0.25907195	0.27652234	0.27839673
6910e6dc-4245-49d3-a8f2-5d0ceb2a2883	PCD-A	0.012245718	0.050331086	0.0027282035	0.3128369	0.62185806	0.62185806
e7c40e1c-44ab-46cb-8440-458f815f7244	PCD-NF	0.007855979	0.029309256	0.9607734	0.0005111749	0.0015502237	0.9607734
dea659ae-bc02-4c94-95a3-67a774f1350a	PCD-NF	0.00059629465	0.3089393	0.68425894	0.00256446	0.0036409611	0.68425894
490b5b9f-206a-4d77-a207-0ec3bf40dbf8	PCD-PN	0.120691076	0.5490125	0.22816443	0.0873435	0.014788488	0.5490125
327f8f97-72b9-4c71-9132-983c5eb7c2d5	PCD-A	0.0005301254	0.10993793	0.0043252665	0.0018630115	0.8833437	0.8833437
4494525a-d608-4d4b-90e1-260c718bd177	PCD-PN	0.19483471	0.5916696	0.18247314	0.0020926658	0.028929863	0.5916696
4c127d85-ec39-45fb-b2ec-0b1c02469de1	PCD-FA	0.0005554569	0.015798537	0.18318121	0.79831535	0.002149446	0.79831535
2df940ac-f993-4449-8663-3156495ed21e	PCD-NF	0.0063449745	0.35648632	0.36154988	0.04145335	0.23416549	0.36154988
1b7e9a00-3f36-40bf-acfc-12b9d31fc55d	PCD-A	0.21641491	0.074229896	0.015154715	0.032767855	0.66143256	0.66143256
73786677-c014-47c4-b7cb-2e65c9a82c7e	PCD-NF	0.003955564	0.088376574	0.73641896	0.15749979	0.01374906	0.73641896
f1e7d41b-802b-47f1-8cef-a17cd4817d37	PCD-P	0.9864044	0.0066533606	0.0020288257	0.00024229343	0.0046709627	0.9864044
fd1f030b-2bd5-447b-bb55-e62e5cace785	PCD-FA	0.00466398	0.07194762	0.007971272	0.86346364	0.051953565	0.86346364
817c98fc-2d57-4cdb-9494-42b1569dc2d3	PCD-PN	0.011041877	0.49220335	0.2678337	0.038781695	0.19013946	0.49220335
d7ecc946-7366-48cf-9cbf-0c79efdf0f74	PCD-P	0.9698687	0.020056756	0.0027208198	0.0043753968	0.0029782953	0.9698687
f7dff1bd-6d4f-4c2c-8e51-964c07ca3976	PCD-NF	0.0007107783	0.031533472	0.950932	0.01042808	0.006395632	0.950932
04df4034-7328-4b49-ab3c-33366a4d2ff4	PCD-NF	0.006118135	0.015671542	0.8935138	0.07841655	0.0062798774	0.8935138
47ec3835-2848-46a4-9e33-5fdbbe173254	PCD-P	0.9105852	0.013669817	0.009331655	0.0052482923	0.061164983	0.9105852
87a7d6be-ef5b-4c72-9a2e-8a7e774950c0	PCD-NF	0.0073486357	0.014712542	0.96410966	0.009350648	0.004478471	0.96410966
6b17998b-8892-4bfa-a979-5b1f52acda64	PCD-A	0.002655075	0.3038994	0.0041544023	0.011198887	0.67809224	0.67809224
30a3c97b-47fe-4cac-833f-73724bb8abf3	PCD-FA	0.0019639952	0.09232653	0.08018361	0.6398333	0.18569268	0.6398333
453773a4-7691-4e50-afd7-67c75c7b286c	PCD-PN	0.021559786	0.7282647	0.008217227	0.023034325	0.21892399	0.7282647
3cbd3136-1ece-4b79-9890-b12af4148737	PCD-NF	0.018105404	0.07794752	0.8934946	0.0073753977	0.0030771163	0.8934946
8f990953-b481-4620-815f-99557a6d1d83	PCD-PN	0.0035631438	0.9770685	0.002510626	0.0010769032	0.01578079	0.9770685
74e893ec-8896-4753-b449-f46a392c5268__b8740c50-fc20-4b62-89ad-950609cd08b0	PCD-P	0.8573196	0.020519458	0.044015978	0.06399186	0.0141530195	0.8573196
3b962857-122f-4a02-9f27-5e0be10ef736__c88b30bc-2227-4bb7-afae-52a58c8630d9	PCD-FA	0.012779908	0.11728971	0.011791161	0.8464834	0.011655835	0.8464834
1f58fee8-9676-425d-9255-d2a41b5be605	PCD-PN	0.00069252617	0.9219367	0.06192532	0.0064807413	0.008964695	0.9219367
9275e848-7ab4-48a1-9dee-2562ddbdce3a	PCD-P	0.963206	0.017709004	0.002098354	0.00027981197	0.01670679	0.963206
ccbd2b27-cd6e-4457-91e8-2c6e7e166502	PCD-PN	0.0003803102	0.59012365	0.4053289	0.0026646813	0.0015025315	0.59012365
5dd73d79-645a-4eab-b0bf-ec4e3e47cd9d	PCD-NF	0.0067792344	0.22868603	0.6581223	0.04147406	0.06493832	0.6581223
c4f7fe7a-7ddc-4733-8ed6-3124990adbf6	PCD-PN	0.012375114	0.85944486	0.11494504	0.0019952212	0.011239845	0.85944486
a6ca41bc-6ba5-4b25-b66d-167ec7356570__f05fe413-a3b8-45c5-b27f-6d7b2ccab32f	PCD-PN	0.0039406647	0.65013343	0.13468474	0.20845702	0.0027841695	0.65013343
6bd50d1c-4b3d-4998-8f1c-57bbd3ff5ea0	PCD-PN	0.0029723193	0.7818057	0.020584	0.018331766	0.17630622	0.7818057
9628a583-0249-4de5-a6ca-ac4b66554497__b99d8797-af34-45af-8372-08d764588068__ed59ef20-da15-437c-bf87-3e0c244390d2	PCD-FA	0.056578927	0.13542928	0.07223163	0.6865629	0.049197324	0.6865629
28b03881-310f-4f05-9a2c-543ca8e1c54e	PCD-A	0.0005246305	0.05087676	0.0040140236	0.0032272956	0.9413573	0.9413573
e2e50097-4d54-46cc-99da-a7996b0803c4	PCD-NF	0.012185786	0.16115014	0.81638706	0.0038310282	0.006445994	0.81638706
2b17c912-7034-4a06-8688-1f262d4b2f23	PCD-PN	0.26271385	0.45740345	0.06337503	0.18907462	0.027433092	0.45740345
ea726162-4209-46b6-ba6c-ed27975b0702	PCD-PN	0.001473255	0.7144202	0.036425505	0.08521859	0.16246246	0.7144202
f05f2138-a92d-447b-98bd-0805b8ae1211	PCD-P	0.8553778	0.13117902	0.0061791283	0.00074898667	0.006515127	0.8553778
466bfa7f-1353-4db7-9de1-337cc1aa41bb	PCD-PN	0.0066129277	0.67030805	0.050561283	0.19899386	0.07352385	0.67030805
1597ed35-e521-45f0-9451-7e8ee85d8ac7__3e9e3fbf-ebe7-4577-82e0-92bd72162532	PCD-P	0.8170594	0.14902698	0.02118538	0.0057648905	0.0069633615	0.8170594
cab22c50-fcd7-410e-8056-55499be518a4	PCD-P	0.9855554	0.007072541	0.003246838	0.002419778	0.001705397	0.9855554
cb6b2cc0-d840-4968-837c-b3b833adfc52	PCD-NF	0.05734722	0.32423607	0.5613097	0.02784588	0.029261231	0.5613097
da8993a8-d120-43a6-9a93-65aced75ed19	PCD-PN	0.32339028	0.60891026	0.035760224	0.02577865	0.006160573	0.60891026
907d39d0-7e81-4d83-88dc-26cce0e7a0a1	PCD-PN	0.031470656	0.72162586	0.16177568	0.07341856	0.011709206	0.72162586
586182ef-8d58-44ae-8188-79356625d61c	PCD-P	0.9437269	0.03662171	0.002489636	0.0004849199	0.01667689	0.9437269
2c94dd1b-01b5-45c8-9f05-9dc35f4796c1	PCD-P	0.89212525	0.013531177	0.0035347538	0.0041253534	0.08668356	0.89212525
