ID_sample	PCD_Subtype	Pyroptosis	Necroptosis	Ferroptosis	Apoptosis
00848ea4-c3f9-40bb-b37d-c084eaf51dcb	PCD-NF	0.202425772559833	1.17858151122373	-0.929147561811309	-0.292995973705634
0084c260-eb38-473f-9da6-96b05321aad1	PCD-PN	0.702227096307661	0.799933044266015	-0.411830942534645	0.102945652517154
00ff9dcc-d053-42d1-8c0c-1b67f9c080da__9b446072-9587-4282-b448-ece42ad1989b	PCD-NF	-0.291922152386399	0.291619385487528	0.300117836576583	-0.472772973496316
01ae5b3c-2980-4a6e-9713-dd3c146c737f	PCD-FA	-0.469292608561049	-0.188078340628784	0.191684487344782	0.762260340342984
01ed0193-216c-40b1-bdf9-3a8a56f972ae	PCD-NF	0.166701095868535	1.09882850262025	0.587588022775288	0.0140680221111425
020e5c88-a6ea-4d7b-a179-7b48030a8216	PCD-NF	-0.757731709425361	0.748195468137444	0.738729978829045	-0.79155872096271
0291f03c-1348-40e1-b4f0-1d9c9683de41__1144ee40-6830-4df2-b072-7ff9f2dd9550__7ed3d7a2-dd9c-4557-ba6b-8fcc2a7f02a2__ac8664aa-6fe4-429a-8223-ea6920f9fe0f	PCD-A	1.20478792767842	1.10072267462639	0.320601246328018	-3.14466869536749
02b6a42a-4bf5-4443-b2c0-b3a4afa66032__91fda349-383d-4889-bf2b-16e5a9d3bc89	PCD-FA	1.26373035335083	-0.021139124689211	-0.507308730698095	0.0992095579189851
02fd1085-e890-47bf-9e8b-a8038c547308__9e2e2648-e67d-4fea-9681-778c3c373606	PCD-FA	0.0928269815459562	-0.437431467570576	0.130364052396856	-0.122541731059629
03b68344-c125-4f70-a4aa-395925d652cc__78e68f7e-e4c8-4929-9004-9567051617cc	PCD-P	0.966131651866454	-0.371443945045888	1.08560851732452	-0.0630427592828364
0420dc35-d0de-4090-b184-89cc7d04680f	PCD-A	-0.360226786056282	0.190162188462375	0.256179517129237	-0.669975495250134
04612cb9-d226-417c-8917-a0a2cc549e5b	PCD-A	1.98428111838669	0.331560613539803	0.573767027749478	-0.695479909560853
046bf2fc-bbc1-4b09-a91c-af7c1813a186	PCD-P	0.850453719334026	2.22252819306966	0.272039783175412	0.12907284184797
047df64a-d51f-44dd-a921-c4761ae9596f	PCD-P	1.61132985217086	-0.321402459957913	-0.729673886623782	0.618947401145111
04a592ba-1163-4f3f-b448-986572a8f0cf	PCD-A	0.707191866347817	-0.677375071718261	-0.0126277229725817	0.354770918279048
04c7980d-490b-4403-b483-985e8f096706	PCD-P	1.2301741451325	0.580665585628691	-0.263480735924747	0.193296947493177
04df4034-7328-4b49-ab3c-33366a4d2ff4	PCD-NF	-0.836941660757621	0.975342352599901	0.96959839240928	-0.670670824992677
055b1980-0c7f-46f6-9e54-5c52da328296__f983075c-d5ea-41b6-b1cf-e030bc8ab095	PCD-NF	-0.351445707926315	1.27589904578516	0.717422247972336	-0.101082676220589
074884d4-a09e-475f-b710-946517b34356	PCD-P	-0.878051108942816	0.166948556115398	-0.587612321366711	1.39101234128687
074b2775-8494-456d-b251-fe74c53c60ff	PCD-P	0.966624342253587	0.0167054371954786	0.612245741130627	0.744016874076893
07d3092f-24dc-40ab-964a-0fc9bceaa70a	PCD-PN	-1.72125298871711	0.166001366169848	1.57472682368992	-1.76902385801444
07f62332-1eee-46f5-af27-21b92bc416e3	PCD-FA	-0.102027276908857	-1.62770825981468	0.965571512703648	-0.286202013882111
08077901-dccd-4069-ad63-abc7966741b5	PCD-NF	-0.637337280271833	-1.08211457128095	1.67975012079542	-0.595186370870011
0813843c-83cd-4c44-8f33-d4b3a79ace79__ed19d15d-4d19-49ad-a628-3f2cdfb930c8	PCD-A	1.84371245167201	2.62836122380748	0.198393200531644	-1.86099723960019
08231998-9193-483d-8e11-8d2a56e93c13__1deed06d-9446-4a4f-b452-350daba32d1c__6575f015-252b-416f-b87a-9dd2a2877cd8	PCD-PN	0.636752388595407	0.824894986849888	-0.75948765486654	-0.875783902501518
0876c0fb-e616-434c-a9d7-baf8eec50f0d	PCD-FA	-0.17021684592056	0.52270753449274	3.32977965974885	-2.30424349320188
0916f650-4853-4de5-988e-fd44843f231a__65dcde6d-351c-4398-b96f-5cdba3e479de	PCD-A	-0.156143202030408	-0.587390516634279	-0.959532188437789	0.936450948060888
0973056d-288c-4131-b94f-40bab869d7bd__92c593d4-55f5-4c35-a345-02eeb5569da8__e26e6c97-18ae-4ce9-aa6d-e49a12e02334	PCD-PN	-1.27801019094618	0.253921607398292	-0.185389506151487	0.541822759920735
0aca2c39-1330-4638-836b-e343321aa69f	PCD-A	-0.535658239987138	-0.760397036543406	-1.2413746756319	1.07411227603262
0b51e408-55be-47bc-9d43-6030e1492c8d__65b2eca5-17b8-446c-8ca3-7dfb8d47156f	PCD-P	0.448437240922281	-0.0363149099293872	0.0170756075425863	0.758326463396715
0b780f0b-eedb-4d82-b24b-26d21c4455ba	PCD-NF	0.176693068527214	1.68686844498486	1.09988843224329	-1.46044910036538
0bd263a3-de54-4514-874b-a834d0508eef	PCD-NF	-2.86377411378127	0.580268223596779	-0.409210080515652	1.46897511538662
0c2d3f13-eb08-48bb-aca9-ec0d32f1d93a	PCD-NF	0.518412521940627	2.15695915462179	0.323514868959952	-2.11967395678185
0cb73dd0-8f2e-44c1-8c75-0b74ed943f47	PCD-PN	-0.619640418174135	1.89544392634938	-2.00486052932296	0.658875228148255
0d7a2e99-e3c0-4b06-8109-24f3b7b5cdcb	PCD-A	0.912229373083663	1.27592219557832	-0.417954476217275	0.497952863501199
0d7e2b82-e85d-4045-b7e0-d508026099b7	PCD-A	-0.0121468013621255	-1.02359958379878	-1.32289476103951	1.19434925506819
0de66ed3-492f-4fac-98d0-7778d5fc1d1c	PCD-A	-0.88980112482516	-0.217856920172654	-0.309394643878185	0.457939376314269
0df1ad07-20e1-40f1-ba0a-4ac63fa446fd	PCD-PN	1.37235597723416	-0.281705392046928	0.565670142126353	-0.598320244350169
0dfe8e3c-53ba-41af-b010-194c5bae629a	PCD-FA	-1.20547690150725	0.728488922891194	0.795293492436201	1.06842958895389
0e022387-2bb6-4845-ac04-29377255f7b5__a8af99e3-91ab-401e-9426-45c0c234db24	PCD-NF	-0.0173222347413224	0.202054004129321	0.369008243661128	-0.0200527915250553
0e2ffa31-131b-490a-8ef1-7e6ebe561fda	PCD-P	0.52021004767835	-0.331692953872705	-0.412431471366919	0.741277787876404
0e9ebb02-7b2c-4c01-9d7e-af9d0e5e68fc	PCD-PN	1.96928053229468	0.058093567344867	-0.598281444011131	-0.282294887216692
0f5896ec-657e-4ef4-b357-960ff7184915	PCD-PN	0.532477453063229	0.0906090925234958	-0.49662766432703	0.519819792090888
100_R	PCD-A	-0.0126109444241471	-1.06669502004137	0.616225920182112	0.0602198196711764
101_R	PCD-A	0.231097596610221	-0.578502258858989	-1.05124113694538	1.71448072380027
102_R	PCD-P	-1.53140845646458	0.351228852582317	0.126657285131867	-0.00379397710692602
10303ceb-92eb-4ee3-9420-8448bc242a88	PCD-P	1.37794914774262	-0.150808781335845	1.43187249803476	0.018680890050149
103_R	PCD-P	-0.268501831159975	0.233072615441727	-0.561801330463087	0.508615146807569
104_R	PCD-FA	-0.156885488583332	-0.053421661820085	0.848220147678117	-0.726494941041908
104f2616-b0ea-40f2-8b13-16af8e7ea911	PCD-NF	0.736631409914986	1.211202146277	0.757998697181937	-1.54691734252898
105_R	PCD-A	-0.328593476170752	-1.60473667179758	0.366138051677823	0.473127973233346
106_R	PCD-A	1.03789084405174	-1.54369031720344	-0.124296947704133	0.12098674262121
108176e6-7b93-4f62-8c0b-fd604046673b	PCD-A	0.133712117794514	-0.400752984064459	-0.882558520086618	0.894930443130847
10cbb9fd-26e4-43f7-b999-7eba8f2d65ec__9e7a68c4-1472-417c-a0d4-c84c4c61ce4b	PCD-NF	-0.793347482880908	0.384708581450738	1.54399206344353	-1.60205960123002
10d6a8b3-a2e1-4428-9091-8d4085e5abc6	PCD-PN	-0.329602965012012	1.05028993060417	0.631162306121356	-0.445676475840945
10ffd10d-f551-441e-a287-baf9263013c6__1994eb7f-2975-4444-aee6-7f568a06f1f1	PCD-NF	0.332648557244901	2.18943538626049	1.61474141792688	-2.42997591200169
111_R	PCD-NF	1.70240987037265	0.35684615745038	-0.0635567554595448	-0.803063713928116
11b0767c-09fc-4d56-9f7c-c79afc767f44	PCD-NF	0.937145633202942	-0.740331001994639	0.2351270513375	-1.28209389981584
11f83251-f6ee-4433-b23a-13508f6460a1	PCD-P	-0.327009248640711	0.309536111216725	-0.213880068327086	0.149739040276946
1223f3ec-1d91-441e-bbb3-b2b9b8ce0d39	PCD-NF	-0.652677125198256	-0.420041357585642	0.662901615325457	0.131924275922667
123_R	PCD-A	-0.423281904528542	-0.67949364594787	-0.877863072682753	1.66694865431964
124_R	PCD-NF	-1.46810013726238	1.99652424571131	0.230164085968214	-1.07045852582784
124c1f32-0988-4240-932f-e2f6daa0205f__324fc91e-aba8-4a1f-95f9-3a1938419a95	PCD-PN	-0.115513432867454	1.50592557449885	-1.10739208817005	1.56241891594251
1290912a-7232-412d-9d0e-4e7945c1210b__45e9f745-57ab-4b1f-9c77-291c5b859434	PCD-NF	1.49024860984247	1.69094020375108	-0.517824223778783	-1.23139613118787
12ac2902-a47e-482c-a18e-944f4745c006	PCD-PN	0.490828849398543	2.08960755352033	-1.88956743800214	-0.104607905578584
12d6e4b4-d8bd-4a65-b698-52905b1ff060__38009c49-7d29-442b-aad6-f0c56ace0236	PCD-A	-0.292576040334913	-0.47747027947847	-0.662767100100043	0.817791000911986
130_R	PCD-NF	-1.16629738277063	0.408061345325802	0.356529488081327	-1.00424745735319
131_R	PCD-PN	0.166972255724979	0.0295405443306759	-0.365926308607905	0.81480816922849
132_R	PCD-A	-0.810951495365003	0.465581987258337	-0.488373671615866	0.38023787726134
133_R	PCD-A	-1.32651902092219	0.159698079348761	-0.855721614316973	1.68112869311865
134_R	PCD-A	0.451191400471366	-1.08305184114892	-0.264924401799367	0.137669454641434
13559ccb-2de4-4df2-ba7e-0365f5f6366b	PCD-PN	0.878837977206134	-0.481229397761548	-0.927119395675627	0.886785063505961
135_R	PCD-NF	0.0381808902046719	-0.762769240240788	0.69324921216429	0.210343113927691
136_R	PCD-P	1.23919550383332	0.388024935844002	-0.152087774127048	-0.346504316828063
137_R	PCD-A	-0.322843394915393	-0.553448586641726	-1.31335508913008	1.3232421116575
138_R	PCD-NF	-1.81345555002277	-0.833583368848528	1.69817672472963	-1.03331718173384
139_R	PCD-P	0.304290355204263	0.118874083448115	-0.431202838370582	0.455632735707475
13ba0fe8-c698-47e4-bb58-4c1644778ef3__6c36d498-1809-4ff7-acfd-0aee214cbeb3	PCD-PN	0.273454644021655	1.25167259194854	0.863727247768154	-2.2005207803352
140_R	PCD-PN	0.483611593873214	0.854309157777059	-0.655365356406141	0.438925287669803
141_R	PCD-PN	0.015515877421468	1.37127656571686	-0.187276651533877	-0.368466638392881
1421ff4a-1cfb-4c2c-b366-3589cb88e909__69f968e4-3972-4677-8e8b-9f204e767518	PCD-NF	-1.87367341179226	-0.0415924159816697	2.20948170890981	-0.48198421268737
142_R	PCD-FA	0.603929035231122	1.63069039248555	0.677836659694269	-1.34776397838871
143_R	PCD-PN	-0.258853429368337	-0.758840394420965	-0.588087710228801	1.69120099162969
144_R	PCD-A	-0.475316757901744	-0.0861202987565517	-0.900373907806673	0.641443191132473
145_R	PCD-A	-1.92144692745364	-1.93053111920293	0.653534530003663	1.34531043052512
146_R	PCD-NF	-0.914244716763224	-0.741564029436976	0.517503683530059	0.336158870476204
1470e0ae-4e67-40fd-9070-df81f9ac5f4f__50f1d7b3-a37b-421c-9d2d-8972b27f5751	PCD-A	0.325100245261816	0.553895631562604	-0.0817112371145255	1.27739568558202
147_R	PCD-A	0.604930363177657	-0.358035160741097	-1.5753402645022	0.402882855661868
1597ed35-e521-45f0-9451-7e8ee85d8ac7__3e9e3fbf-ebe7-4577-82e0-92bd72162532	PCD-P	0.375652367986512	-0.605840585792271	1.24042469973094	-2.77485713809595
15df4c79-9b2f-449f-bb9d-c9754cd810fd	PCD-FA	1.14380458477866	-1.88712897059604	0.149551495218389	0.112695124477278
15f4344b-0c6b-4972-966d-3bc50efb8486__e7589bdd-faff-4e0b-86b9-8c6dc65a8ffc	PCD-A	-0.372141479006559	1.88464741903234	-1.70201160774116	1.26008803383673
160_R	PCD-PN	-0.145201761486433	0.0118985240999672	-0.289792422657435	0.165597135113888
163_R	PCD-A	0.359050714084993	-1.02819653243864	-0.47030461329062	0.00350871755956893
164_R	PCD-P	0.41776247525295	0.277984241994435	-0.249166663499741	0.562422975820324
165_R	PCD-FA	-0.69182842337045	0.476191498764646	1.00328835024362	-0.637691725061519
166_R	PCD-A	1.01201889850384	0.0463870054214017	-0.157706172655062	-0.123834405146727
167_R	PCD-PN	0.120482799086834	0.529067544590128	-0.794820992408988	0.485825122526018
16ba6131-09c5-4c7a-a103-148962ff1ac7	PCD-PN	0.125500573799283	0.0292553158963567	-0.350238486196636	-0.954982834994472
16f68636-f432-424b-b6b9-862598fd4c9f	PCD-NF	0.826801143835989	0.389069089002836	1.0578455241659	-0.621917214731426
177_R	PCD-NF	0.215927496433002	-0.589073884911454	-1.16922035271137	0.356184883650841
17d341dc-cc7f-4efa-9725-3974b1c5efd0	PCD-A	0.312358422698703	-0.365986576521974	-1.09676295882891	0.605950043059435
17e97d9b-89d2-46d3-bea4-189ce3948681__1d0ed929-c938-47a2-9d51-124b9f0db9ae	PCD-A	0.922103352445922	1.43279099318943	-0.416384477041722	0.0286742151771473
1800339a-9306-48f1-a4cb-5836310680f1	PCD-FA	-0.209055602498463	-0.249037281199013	0.16088979975193	0.781729129384837
183_R	PCD-P	-0.0694999981965872	1.54688729900907	-0.0247013253689227	-0.151053995070456
184_R	PCD-NF	-0.386966995631513	0.550032974760181	-0.217894167331141	-0.18338345246715
184a322f-43f7-4abf-93d3-8488c0d98312__21cca33c-2d3a-4441-bde2-89a21caa0ec2	PCD-NF	0.236598799406319	-0.0499538072886491	-0.606610304799132	0.616920004843993
1879fb2c-9f39-415d-8a28-42093c4030f2	PCD-FA	0.123563422898755	0.758932345286356	1.63151474763038	-0.679553997134943
18c78ae2-77c2-4d7a-8ada-d870c6d78225	PCD-A	1.01795463880922	0.521375297730152	0.911567958598941	-0.302931490087554
18f23b20-a975-47e4-942c-7c246f9ff91b	PCD-NF	-0.54503375227522	1.70906402874191	-0.497814242585103	0.336482327565972
19314f2d-41eb-4ece-bdd7-4743703f79bf	PCD-A	-0.147143482087061	-0.139800862080441	-0.250715967979977	1.15344598869113
197adde4-d1e8-48fd-b7af-4a72c4f33145	PCD-FA	-0.236997982205046	0.342020572106594	0.48227309046797	-0.0917739489456555
1a0b436d-7609-402d-97f2-4fe4544f8f84	PCD-FA	0.000905628107168894	-1.01220280274456	0.158141270328677	0.154385091734231
1a2d4b31-abb4-407e-9575-c486a49dd563	PCD-P	0.228016590919433	0.47379108505912	-0.903917712563874	0.744056752585219
1a501fe7-8152-43db-b03a-f6cf2f81c8a8__d0cbb5af-82fe-4c08-93a4-af9838d56279	PCD-A	-0.305962627565468	-0.36154548119606	-0.311913951808918	0.813164149283506
1a685087-56b0-43e4-bce0-dc9babce8749__b1dc3ab4-23a4-40a7-8f9d-756c0b02b49b	PCD-A	-1.3257586610022	-0.759855507257712	0.915531318142477	0.322849889746943
1a6aa0af-9dc8-4b24-803b-2ffc4db2cff3	PCD-PN	-0.191876196630693	-1.03741408273904	-1.02963671422782	1.67074176766597
1b5f3393-9f11-4f6f-bcee-d1a1c91ba555__f84146d3-b67b-498e-8350-d8b22257b530	PCD-FA	-1.38374106992067	0.0842040855856143	1.05302805210168	0.0151470095801071
1b7e9a00-3f36-40bf-acfc-12b9d31fc55d	PCD-A	2.04948270190855	-0.519167120251295	1.68583701291655	-1.25600478055435
1c286de0-44eb-4bbb-a4c2-152649cac2e5	PCD-PN	1.08883656896029	-0.96087297863667	-0.914749134036353	0.322643045899835
1c816bd4-c380-4342-aa25-c0cb0cd39447	PCD-PN	1.07947744664099	1.52929512924934	-0.769547192007445	-0.542833693971634
1dec4a74-21d9-4e4d-8a43-b744ed81021a__564b1c81-93aa-4fec-ac06-19aa63cb735a	PCD-NF	-0.927565752213106	1.30169524809669	0.500375531735265	-0.903354169023532
1e73f17f-ea14-406f-90fa-c6332761d378	PCD-NF	0.64075972052103	0.88153586765538	-0.988676043793729	-0.0018515106122036
1e7b9bdf-7b27-4ff5-a863-85e27b5730f7__3a317772-0b0c-473d-be79-499b01c5dd48	PCD-FA	0.0555575993520245	-0.539486412143366	0.389627906662134	-0.793587201066732
1f47716a-3b7c-4d8e-88e9-4c037fd279aa	PCD-PN	-1.06373987630895	-0.379539177542138	0.499084960906398	0.33375050029569
1f58fee8-9676-425d-9255-d2a41b5be605	PCD-PN	-0.209691911167105	0.184725093425381	-0.551026690467686	-0.72457765751592
1f61b8a4-cb8a-4d26-a683-0c8541b2d60c	PCD-A	0.903488257892565	-1.4079717532855	-0.67563925874627	0.992347310191569
1f8f374c-aada-4bb8-8af3-f906318fce5d	PCD-FA	-0.883232445315838	0.953145194327967	0.9461415362211	-0.557217711475132
1f9c6b1c-7edd-4297-82ea-9f7bac608119	PCD-NF	-0.660612107824985	1.77391447789942	-0.0681146121262388	-0.380965580569989
200f3b17-91c7-4aba-ab63-4302809534ff__be860ec2-e59e-4f4f-a1d5-409383eae046	PCD-FA	-2.90527615848524	0.527878074558153	-0.110556959091477	1.16935859809876
208_R	PCD-A	0.0500469112678768	-0.311605143285163	-2.21742102165038	1.81326607600034
20fc29d0-1060-4e43-aa08-3ca817a95ae4__523d96ac-7f20-4e80-9fa3-120fa080c75b	PCD-PN	-1.16684785649412	-0.430051830329204	0.0209822862458049	0.114176219061329
211_R	PCD-A	0.377568012716441	0.308388279121002	0.301517385652294	-0.607137886950497
212_R	PCD-PN	0.128387361256764	-1.11700848626326	-0.211780517118299	0.215334395310051
218_R	PCD-FA	0.027015951333945	-1.65726031420628	-0.369713438024349	1.30849753778371
220b6505-51f5-4c89-a96a-a9d35d019524	PCD-P	2.45206246939903	0.724414338409275	-1.12659255368818	0.916392369868188
2240eac6-b4be-4056-9422-d688b48048bb	PCD-A	1.22250592966636	-1.35276540998319	-0.211044393160153	0.876583176001036
22809d8b-fe81-4e5c-9c5a-9a58f5f53e92	PCD-FA	-0.658183843862505	-1.67373480621974	-0.367381778281636	1.07882892142102
229_R	PCD-PN	1.11487917001955	0.191934998367786	-0.781540898758425	0.366280573514945
230_R	PCD-NF	-0.929111876128439	0.203479323231119	1.564000924716	-1.94172272117049
231_R	PCD-A	0.796873543928181	0.485349938133984	-0.88267843794096	0.717482122555171
232_R	PCD-A	0.27031200524074	-0.508475723023427	0.0509002753297748	0.933034778433647
233_R	PCD-FA	0.680044415529347	-0.0138414025006008	1.04989008698661	-0.945704144776288
235_R	PCD-A	0.974191015806768	0.202205683725893	-1.0984013229904	0.787608354466533
235a0f98-339c-498d-8452-accd9554f67d	PCD-A	-0.035856134493607	-1.33749959240098	-0.645154718565311	0.0886900302361102
236_R	PCD-P	0.346104018108083	0.309217411772558	-0.123532984613987	-0.0462883358120755
237_R	PCD-A	0.576437549451043	0.228796076107857	-1.69815410348919	1.69360596717869
238707f3-1bdd-4ff7-8e52-6a639e025c18	PCD-PN	-0.416636061453517	-2.16117019537166	-0.873048916732597	0.902379061691264
23e93ffa-925b-48a7-9589-7708ffc03d10	PCD-P	1.00533864076622	-0.509281627697604	0.811620401165522	-0.603101588284241
240_R_R	PCD-P	0.402015027145167	0.707939864505145	0.929261893168831	-0.824798432435263
243_R	PCD-PN	-0.28854652790038	-0.187620161747745	-0.857409435678447	1.32392303095176
246_R	PCD-PN	-0.147116558758225	-0.60925235026166	-0.0361049345824852	-0.0696452505090847
247_R	PCD-A	0.725132703994536	0.784760118397437	-1.34380723807867	0.679192816069623
25-R	PCD-FA	-1.09492006035889	-0.00944590762954047	0.466541675807475	0.275122007345698
253_R	PCD-A	1.23843395795792	0.204160900919354	-1.05924107549439	0.94664873661491
254_R	PCD-A	-0.686169173547908	0.467587465462374	-0.138556036089757	1.13868323176687
255_R	PCD-A	0.452812189647672	1.12204958853791	-0.78214247781725	0.828157193913173
256_R	PCD-FA	1.09719173561636	0.848085935660716	1.45225952342848	-0.936387420284755
257_R	PCD-FA	-2.48549865315544	-1.71017874541011	0.885857287574521	0.702251419077161
258_R	PCD-NF	-0.226282021234445	-0.89422714437898	2.14970367480559	-1.30825605630212
259_R	PCD-NF	-1.43592159971099	0.226465941574	2.88667342833293	-2.09535069794665
26-R	PCD-PN	-0.400168915392792	-0.587108388371365	0.343499721561956	-0.250982022382451
260_R	PCD-NF	-1.95296154798621	0.0530963183033498	1.41092329148339	-0.510791652510755
260e0851-37da-4a2f-a136-6016bc7c2fa3	PCD-A	-0.0135396036771341	-0.705703610415066	-0.453103951598925	0.734275765710489
261_R	PCD-NF	-1.3590277473453	-0.640653414958459	2.26637838526698	-1.25119938319648
262_R	PCD-NF	1.15858539490825	0.125795262259243	0.956745248919802	-0.901086553772468
263_R	PCD-NF	-1.44225148062403	-0.0694386598033523	1.53132470527089	-0.363293862940351
264_R	PCD-A	0.588507022247118	-0.0389556590559897	-0.666872969231594	0.617520944470444
26b35fe4-3cd9-4272-9813-3bd9bc205be8	PCD-FA	-0.913868667847604	-1.98505912155205	-0.880165464715787	2.71090803900993
27-R	PCD-P	-1.12630316918883	-1.5156259512866	1.14920297159701	-1.36283021589599
27398775-c29a-44d5-b2c0-3f30814c9310__67791d47-04e8-4dcb-8c65-9eebe0fca563	PCD-PN	-0.151218424445248	-0.326480704177283	-0.117261553789745	-0.347448265410212
278f5083-10c9-47be-bb16-388d40414838	PCD-PN	-1.43679045908501	0.0250789143232213	-0.539527920681337	0.721932737870365
27a45295-d131-4995-a629-b38555f11d7d	PCD-NF	0.51951860434749	-0.295162152587372	2.36819671606684	-1.98245818235553
27e1e1f9-85db-4381-b18e-b21b18545d73	PCD-FA	0.432972582411624	-0.86068915376541	0.749082483012963	1.07528683634718
27e50bdb-21b8-45e8-8f0a-7c7e9a2e943b__b04899cd-4c40-4de9-972d-4f0cf1eb967c__e81d95a4-247b-4993-bacc-d00061420963	PCD-A	-2.00911429420739	-0.870036950704898	0.684659962322706	0.0349822611324093
27f9335d-c493-4290-a385-056e9afaa2e6__6cff0345-97ae-4198-b413-72fcafe094ee__fcbf0a05-def0-4461-9e08-ec53e30197cf	PCD-NF	-0.224386822586461	0.0210314219717288	-0.449726560949482	0.0247132840984619
28-R	PCD-P	-1.66150045419355	0.752211020197423	0.0751339731066539	-0.0558130454903912
2802a38f-01ec-4217-8322-51445921fcdd__48cd230f-7083-43f7-899e-c7ac245bc1af__6df06a97-ee38-4720-9237-5f26bce194c1	PCD-NF	1.21084154723798	1.36442408803844	-0.977704375435286	-0.292612382363944
28853994-8f46-4215-ba2b-406839b58af4	PCD-A	1.00615006931562	-1.91664092531195	-1.00160008712176	1.58893060789143
28a0d90a-5483-46bc-954d-2ed7bec4d2f7__6f90d1eb-806f-478f-a1d2-430b26ebd395	PCD-A	-0.369667430559955	-1.27338400704318	-1.04724516006407	1.21600614450923
28b03881-310f-4f05-9a2c-543ca8e1c54e	PCD-A	0.602213612102086	0.0561929197356789	-1.82403828823403	1.13396180622166
29-R	PCD-FA	0.488774468711542	-0.604078047614254	0.832495314072892	-0.715570016574723
29396e38-27d4-49e1-b0b8-1e8db7dc45ae	PCD-NF	1.14165394033562	-0.016016131537694	1.07001516568126	-0.690789377082759
2943f889-5d75-4e3f-911b-4336b3b870d0__85d23817-c1c4-46d6-82ae-b41b92005fe4	PCD-A	1.1538944579197	0.349992845762135	-1.42974947658882	1.03065402485178
295_R	PCD-FA	-1.58364644560324	-0.336881489083007	0.514172487564544	0.814645893620918
296_R	PCD-PN	0.732366844253685	1.13839872851873	-0.875766728352929	-0.22614154460753
297_R	PCD-PN	0.360194869852037	1.66820250392867	-1.87058354900347	1.10610625561701
298_R	PCD-NF	0.256397833296862	0.712010332029429	1.19896109314211	-1.15568584928892
2a06f398-0708-46ae-bcba-57f1429ec773__f6c8f6b3-ae65-4144-8d93-2b27552cecd6	PCD-NF	1.07932009360139	0.65687415191857	0.781482264230176	-0.389016159383732
2a174de8-cf21-4dbf-b601-ea9b710866bc	PCD-P	0.159623858545413	1.59468021343073	0.905658567163439	-0.863378521440783
2a1a2f54-441f-4a94-99ee-9359bae39a7b	PCD-P	1.58469670965136	0.817809756725756	0.0417073982380545	-1.04143084634248
2a554e51-f576-4d54-92e1-e1843d1f551b__a947a63e-3de6-43ed-aa44-cbf099eb4958	PCD-FA	-1.10871691523967	0.725015059347436	-0.522930479818853	0.203792794569347
2abe71bf-db7f-41d8-9ad0-839cc4124df3	PCD-FA	-1.20177030067627	-2.47609256065819	0.359445588228024	1.64489841195001
2ae6909b-6335-467f-894d-10ab4bd72771	PCD-PN	0.319732102059882	-0.36348720796848	0.859994527848971	0.715582785842467
2b0228ac-182d-48b4-aa06-821a106a5990__b7bec81b-d761-4372-a6f8-cc0458ce699b	PCD-A	-1.03163676019899	-0.0100246790493638	-0.694142499739172	0.681498031614061
2b17c912-7034-4a06-8688-1f262d4b2f23	PCD-PN	1.11846635199883	1.06193166004911	-0.633180416529874	0.249992931766662
2bc499f9-fc93-4540-a2da-cbce197e7c64__a73b412f-4b22-49e5-b43a-4b3b057418af__fb0b1e0f-1bf3-450a-aea5-a9d4a3742d32	PCD-NF	0.926739276295524	0.438883687804693	1.1761405322353	-2.12133745610458
2bdc2690-67ff-4c2c-b9df-5ebd5e75ed2a	PCD-A	-0.308853847529097	-1.5952068541007	-0.761465582071861	0.902010808166853
2c94dd1b-01b5-45c8-9f05-9dc35f4796c1	PCD-P	1.30398809688127	0.699543544800633	-1.03920096391026	1.84198723853956
2cd374ab-8646-4803-8878-4d7f993b256e__a11f5dd3-63e5-4403-8735-d0fcc79e2e6b	PCD-PN	0.565852418892694	0.494688572121092	-0.652488758948939	-0.423809430563806
2d4c601a-b89e-4a15-b2ce-42c0bc12cd0a	PCD-FA	-0.259589306420377	-0.751972752945564	1.25474598266648	-1.03085746987813
2dbd35c2-f8c2-4cf5-838c-f41dde670774__93d74bc1-9e24-49f4-b645-a2a10986dcd7__a140dc83-9255-4923-b544-8980a3773ead__dc596e2d-da04-460c-836b-2db920328e8a	PCD-NF	0.366286817938376	0.332952735467109	0.0625700739619278	-0.227607257900456
2df940ac-f993-4449-8663-3156495ed21e	PCD-NF	-0.451264747970305	-0.119070357330256	-0.419682743458465	-0.327835330042974
2e6c00dc-2bb3-4d56-8d9b-b6e20adfa1f1	PCD-PN	0.513149090536665	-0.240397432382624	0.688112286165363	-0.0532498312409009
2ecc0088-a127-4131-821f-c7d8863e3d39	PCD-A	1.21335902797371	0.274395690656836	0.363859352279062	-0.528581046969667
2f2b9f7a-6491-4bd3-b678-361b92b59714__48736183-d8b5-4912-a0cd-6911a8b2ce90	PCD-FA	-0.381692627087038	-1.2092646651928	0.968324421000449	-0.790159665618847
2fcc6443-3529-41a4-a2f0-ffafa5898ab2__c2fcec06-bea8-4622-83e2-14631f5540ae	PCD-NF	-0.960844125807439	-2.47222131937281	0.946242038606052	0.568410708810126
30-R	PCD-NF	-2.82839946157374	-0.177245612703332	1.82906341049131	-1.66306219806599
30448a94-f4c3-48b9-8ecf-210c6b1e263e	PCD-P	-0.630550372016411	2.65096027738104	-1.09913383759048	0.226293601532486
30a3c97b-47fe-4cac-833f-73724bb8abf3	PCD-FA	-0.274097742927636	-0.33713424168271	0.723657246535975	-1.18402098153633
30c2ee8d-7311-4c83-a827-4cd6a11499b1	PCD-A	-0.36377936270669	-0.0375161404456201	-0.834225573699413	0.963124971171713
31148433-20ee-4d91-99d1-527bf6d6a2ba	PCD-A	-1.20806984649175	0.383864129673153	-0.330056716949948	-0.362860069429829
3184995a-cac9-4f64-9c64-77352d8b58d3	PCD-NF	-2.82368727288012	0.392274808675481	2.12566336320859	-2.57711592408521
31f33d17-a4a9-4cf4-97b8-d7edb363fc2c	PCD-P	1.12130455504974	0.00764593011394119	0.516601393358424	0.0599592118591793
3226f1b3-9ccb-4b9a-8afd-638fe281d27b__798d832f-d911-40e2-a7d6-b4d3a92d58f7	PCD-PN	0.0968889751976046	-0.341367242960371	-1.06987250626263	1.22657613388169
327_R	PCD-P	0.011205151751629	0.663933222861286	0.424198321729968	-0.863679292396941
327f8f97-72b9-4c71-9132-983c5eb7c2d5	PCD-A	-0.601385095890223	-0.361752056180006	-1.40641744580549	0.278888669389258
328_R	PCD-P	-0.163019387685047	0.764170985763184	0.419537866006579	-0.828253917104034
329_R	PCD-P	-0.22258516736182	-0.501353449452778	1.01232900977123	0.0533574505532723
330_R	PCD-P	-0.779711756811986	1.88600450096768	0.755588160227402	-2.18675278230961
331_R	PCD-P	-0.951081596452471	2.1015702328758	-0.0559240736627197	-1.2351070750646
331b4168-af74-44c4-9c2c-235b295a32aa	PCD-PN	-1.23300658200159	0.242995341495135	-1.40502558357094	0.769780392559583
332_R	PCD-PN	-0.891350772161259	-1.10737866143434	1.55005204122128	-0.755222803357654
333_R	PCD-PN	0.362546940701778	0.200658497729418	-0.6670399926393	-0.295310178979148
334d4ec6-ae9a-426b-9e32-7b814959b281	PCD-NF	-0.589904272294156	0.0444777585022944	0.378540575993804	-0.870679996932539
33d1fd2e-ac99-463e-9f55-ffbae5584510__3c6df92f-bccf-436e-ac97-85c81ed25f42__5000e4a1-f428-461d-9551-e208d0038374__c74a5ee1-f941-498d-8cb5-7e124e731932__d5b4667b-86a2-4668-b8f4-0d34a7fca14c	PCD-FA	1.85792311085089	-0.826913735758522	-0.123751318805702	-0.142939194690698
33dbc847-dc41-406e-8413-bae1fd7d8d3b	PCD-NF	-1.46389658307333	-0.928513213894244	1.48084535764433	-1.01505222725188
3421bd7e-521d-4ed1-a091-13872c725b87	PCD-FA	-0.899724717560685	-0.736626248993257	-1.13088509493618	1.27127126377661
345-R	PCD-A	-0.930602285819745	-1.4266798001187	1.24783585493717	-0.625312378901462
346-R	PCD-PN	1.60026563569426	0.768079195236083	-1.77031206139992	0.991175165191801
346351ee-f6a5-48b7-9867-7c096f3d2f2f	PCD-FA	0.642047962403831	0.608606328202517	-0.0189783228891125	0.319958797985857
347-R	PCD-FA	-1.71667764482684	-0.476955581123691	0.613290302335866	-0.232175968484203
348-R	PCD-P	0.520913583143494	-1.77041150540672	-0.383717566996298	0.782310927489455
349-R	PCD-FA	-1.34237321570563	-0.593787470561336	1.37327415637237	0.341296981034767
350-R	PCD-P	0.471969523561243	0.706505671057823	-0.618440059742519	0.203818942568027
351-R	PCD-A	-0.404642019068193	-0.66322291299878	-0.504802654418969	0.277861650685602
352-R	PCD-P	-1.25058179829981	0.333849239050995	0.331675471250179	-0.247951185638657
35281a56-493e-4350-b3cb-80cd32133224	PCD-FA	0.135950301927287	0.187488261471924	-0.488417020173855	0.961829323282885
353-R	PCD-NF	0.891835536996206	0.79227165433205	1.88052312915198	-2.7188663761209
354-R	PCD-FA	0.798919640963187	-2.11342358624538	-0.244587459475171	0.277752583298607
356-R	PCD-P	1.32944671037115	-1.28698107748133	-0.218015939906134	0.484357278029321
35b3477a-8814-4f40-ae47-7b40992e1a0f	PCD-P	1.04597961813725	0.00756975651066781	0.36658271617023	0.130848002559045
367ee6bb-9eea-4a57-b9f4-5b849e89e0bb	PCD-A	0.245521431751144	-0.594415079824984	0.532846044310019	-0.0553181936035804
3685f8d1-9671-4aa7-913e-ebe31b68d425__afdd1407-65a2-4b64-b3ac-2102f1348383	PCD-PN	1.30720515833066	0.589823451646022	-0.681595822984074	0.0422794010383981
36a392eb-50ac-46a2-ad0a-d0c95517e189__5c482bec-a355-49ce-897a-27c21b4ed502__ce7e9ecf-6fdb-4036-bbbe-7bcbbf03a12e	PCD-A	0.85917908293534	0.618045625506213	0.654283943720567	-0.670642370168127
36c4f984-0e2a-4bec-bb53-897979484965	PCD-A	0.859260391400291	0.563209616904849	-0.21050524727522	-0.501231674486843
36d3290a-b54e-4a1c-9b1d-f0ca78ac60ed	PCD-PN	1.03394473050398	0.720700583056674	-0.342108631202565	-1.16870118383614
36f269c8-c23d-4e85-84ea-4ad65a33330f__bf14e676-b939-404a-86cc-60d8c3543bc7	PCD-NF	-1.00994783580309	-0.262248971297526	0.839218346021856	-0.6838670117842
373f9d3a-0087-4608-8249-e87c2fbc06f3	PCD-P	0.994485701711446	0.579504935737098	-0.321286720598562	-0.0570760551167782
374c5c41-2045-4cf3-a5be-d99904d69019	PCD-FA	-1.59644305535307	-0.0306381344054752	-0.623624949133291	0.57118815948531
37721b24-66c4-4280-972f-21efad053310	PCD-PN	0.178208054596905	0.0581414020038004	2.31116257131296	-2.69926172164573
37734c6e-9bd2-46fd-a938-f98126a45122	PCD-NF	0.603432848762114	-0.471676086735132	-0.34110078273774	0.487302038765508
37934dcc-e2cc-4926-a92e-dc0485d4b746	PCD-NF	-0.510425222106997	0.32853957597069	-0.478307100398853	0.206124262508648
38148721-d38a-49a1-987a-18047ee89cae	PCD-A	0.344636289381452	-1.06998344282844	0.260830661868788	-0.678370326625031
38d26cbe-2e63-4789-b4d4-4b9c2715125c	PCD-FA	-1.23568201789566	-1.12506551684827	0.357283472902243	0.0893235706086989
38d4bd5a-adc4-456c-9c52-6c4bb35e83d1	PCD-A	-2.34750155163403	-1.92495824009295	0.349927773386146	1.66843031263847
38fe5813-7993-4f8b-b38d-7799b5ef9fa2__39742a8f-da7f-4390-aaaf-07b3fc1a69d3__e8ff1296-5847-4e13-8a43-dbc959038baa	PCD-PN	0.975733763255369	0.184918322769208	0.886091120708988	-0.56240217725601
398f26de-2926-4d53-894f-a92d085d5662__671454e6-3336-476f-8175-3f3778a988d6__878abaf5-ea7d-49d6-b9af-9e8f43fd3146	PCD-A	-1.08851452923149	1.03367209836951	-0.970144739704543	0.728545085655164
3a2a7eb1-fa22-4308-9abf-5acc1210cda3	PCD-P	0.692362517320227	0.554323702286278	0.115836458509463	-0.63332821535983
3af3fd57-fbb6-4521-abac-d47b169a3553	PCD-A	1.12875030502884	1.01545297705535	-0.532540403119592	0.111684791718043
3b8d9f6b-e030-43ce-80d0-df0d527960ca	PCD-PN	0.177287553560389	-0.410354852540698	-0.184914606339739	0.21478928836439
3b962857-122f-4a02-9f27-5e0be10ef736__c88b30bc-2227-4bb7-afae-52a58c8630d9	PCD-FA	0.708329379745335	0.288900817566245	0.700235437683783	0.215417538919428
3bab57fc-7661-489e-80cd-1b70f5f6d128	PCD-A	-1.92991493602237	-1.65646434914827	0.442403790245992	0.365853543582
3c67c8e9-e83d-4ad5-9776-085994c6376c__e3d57c66-ff02-4f9a-9627-69535be39a8c	PCD-NF	-1.48679505209728	1.44584201901963	1.36773363052292	-1.96494528622031
3cbd3136-1ece-4b79-9890-b12af4148737	PCD-NF	0.764890910423244	0.477805906385043	0.332330953764245	-0.281033381884092
3cc6928b-53f6-46d3-849c-71b6174049f9__486da704-156e-4f54-8059-7dd9176b0e9c	PCD-NF	-0.143916358162283	1.38622903319286	0.524878936625126	-0.891654317927643
3d1e938d-1803-4f0c-ba46-aaec4157e6b7	PCD-PN	0.950935148466038	0.831438948924197	0.240450399028095	-1.40231472674773
3d608887-c507-4378-8222-b30e7107fc00	PCD-A	0.824448408376012	0.415315827865885	-1.11302919811386	0.452460938242738
3d72ac02-1c27-446b-ad4c-e2c2eaf53331__966baff9-7cd3-4f82-82fa-3ea252e57973	PCD-NF	-0.39678514173954	0.98553808233069	-0.861521458570013	0.123015400013668
3df3d6c9-df3e-404f-a2fd-15020db0d06d	PCD-NF	0.610483995619985	-0.0244350173721879	-0.0195304527760159	-0.250936696688635
3e7ab893-bc40-4ae7-af5c-dd2e34db9cb6	PCD-NF	0.0116014108321142	0.943487480005295	2.19797396330187	-2.41839020052183
3ee8e89a-f49d-4b03-b246-5d1b9cb82da3	PCD-FA	0.682596437715499	0.134598303933343	-0.404302337694714	-0.224269256852004
3f12e4d0-502e-497f-a162-9cdae148e017	PCD-A	-0.503125942189774	-1.30532794552752	-0.928054850481389	1.48872300059152
3f19a0e0-4777-4895-ae5e-87228405a1b4	PCD-FA	-1.39440857898656	-0.235350436273674	0.178040443970901	-0.209979087360561
3f368264-80c0-4745-9e1c-6aa176d3b326	PCD-FA	0.516350796112635	-2.20542815915539	-1.01612099577012	1.07109817243358
3fa5aa04-7cd2-4ca9-a78a-8102f3300f0e__af00a999-77f6-4722-8f2a-caf51871a566	PCD-PN	2.21519831711852	0.220690852659025	-1.13674516141782	-0.216217050065505
40-R	PCD-A	0.120986285172412	0.788968494482824	-0.0802163664232558	-0.295353350497048
40bdca60-c897-44f5-8a29-4d10901463c6	PCD-PN	-0.0879575328857835	-0.444922284835665	-0.489637051915428	-0.683835488326932
40e1b971-b805-4b71-b610-c436ef50a02f	PCD-P	0.438306806514106	-0.264669936799354	0.0354758662464646	-0.077433097342584
40f58bf3-58bc-4b65-a88e-821ee9d24b9f	PCD-NF	0.796115682742852	0.0146287868927213	-0.0250045525092651	0.494120795498952
41-R	PCD-PN	-0.525543595102643	0.737594720567999	0.208617643433464	-0.370867555419958
4126426c-203d-4cd4-ba17-0ef76440cf87	PCD-P	0.867413731402966	0.275000010071532	1.08337754837209	-0.86055597997766
42-R	PCD-A	0.189592688360985	-0.932988524909753	-1.68828206717822	1.67400970195057
4229ad55-48de-4ebd-bd41-0c58878856c5	PCD-PN	1.94539278502222	1.77558241794695	0.728285804177706	-1.99728110674107
4266ecc1-795a-45eb-b5ab-a4285a5f8753	PCD-P	1.59652850192682	1.05080610650227	0.79330112094355	-1.43014662172651
42ba7db9-b6ee-4ae9-bdc9-59745b760195	PCD-A	0.387150920240522	-0.836509467433853	-0.112369143701772	0.584500580137666
42ed3c50-13bf-4e42-8282-0cea57c60996	PCD-A	-0.720005255467302	-0.500708708313778	-0.383114261602031	1.88485719772654
42fd6f25-8f43-4ff2-844e-d99ded7c3598__cb11fd26-37ba-4dad-83f3-99c05588bf77	PCD-P	1.28534129183933	-2.01601696213695	-0.561380912670517	0.844864123194388
43-R	PCD-FA	0.358560652009949	1.23867786704837	0.609245026896215	-0.452454752445803
431cc31c-012f-4a15-9cba-17c0151795fe	PCD-FA	-0.188038483750405	-0.667504464721214	-0.841620567256137	0.223378808485907
4339afb1-4391-4ec1-b9a8-05d6c37590e1	PCD-A	-0.912286249744862	-2.02410617029619	0.119315024297006	0.0918520701236877
43b51f33-3245-4a9f-a6b3-b32f0a134585	PCD-NF	0.146577214454041	2.31199197963357	-0.616690663046434	-1.36498889628036
4452ca35-8c6c-4549-a538-86c7f2e82f2f	PCD-PN	0.514327513344189	0.95568844367973	0.485917619964084	-1.05939656683455
446721d8-cba9-4a91-9593-7e3f62d579e1	PCD-A	-1.17278773034556	0.23913074408083	-0.334529333184677	-0.159323831464286
4494525a-d608-4d4b-90e1-260c718bd177	PCD-PN	2.24046232611361	1.90060037855755	-0.325854545516381	-1.32348764871984
452348e2-ee6d-4acc-a373-a391bfc08bb6__a4285cdd-0ee4-451a-a054-29ec853e6078	PCD-PN	0.00565011924805676	0.0165015187656346	-1.69394809728778	1.41465975880646
453773a4-7691-4e50-afd7-67c75c7b286c	PCD-PN	-1.11073434155376	0.814269547162322	-0.435133294900885	0.195519644226897
4591a53d-5668-4a70-b44b-e08a3d59267e	PCD-NF	0.143184853409003	-1.16089900440294	1.32077666296403	-0.915817207485298
462b9226-041d-4bce-8851-f59f14cdbe32__ec4a2a97-464d-4d7d-abb5-b2455b968170	PCD-A	0.468828870518245	0.786334128707826	-1.30234481052007	0.987181494098159
466bfa7f-1353-4db7-9de1-337cc1aa41bb	PCD-PN	-1.31654243818035	-1.8023953639746	-1.11660412319495	1.28080448681212
46cdd3b9-032b-4a1c-b2c0-fdda6401d1e4	PCD-A	0.229457358200159	-2.32936825177116	-0.96322182754416	0.923284737925187
46eca875-a327-478f-a086-d4111f19ee11	PCD-P	0.420308356971371	0.122383014103037	0.976639580005453	-0.589015626445237
476bb58d-18bd-4c6b-b6b1-b68782697ed4	PCD-FA	-1.03605749834702	-0.457374731345674	1.29036565592906	-0.057165877105389
4783b5d3-ba02-413d-9f2c-71af0b74aab5	PCD-A	-0.450876551452567	-0.825352529906073	-1.60818022247951	3.15680863308595
47ca2331-a860-44ca-a069-e2b2aea76a3e	PCD-NF	-0.813873529062509	0.912747630596052	0.88089349070402	-1.56702955923664
47e6c920-ca69-4d27-a7db-4cc132b7d56e__909bf31a-6083-4f67-904a-7e94aeb90767	PCD-FA	-0.950318836854178	-0.886850707301521	0.837413274107198	0.838280417639182
47e96521-f2aa-4eeb-810e-bc8b658cebb1__9e1704c0-a7fb-4e79-bd54-5a4906f68e9e	PCD-PN	0.712171685171862	0.63898845394032	-0.329422940318085	-0.0856399404408713
47ec3835-2848-46a4-9e33-5fdbbe173254	PCD-P	1.01704644472542	-0.899273097321225	-1.33990116618101	0.922157596431982
48-R	PCD-P	-0.603758071207807	-1.06747138346416	0.983707835913003	0.749568550322135
481359ef-8584-4a39-b1d5-96db3e09f544	PCD-PN	-0.649717701728515	1.38009590609095	-0.0528483904323732	0.354274379672315
489e08c5-0b3c-4d07-a88d-d2d0100a5f09	PCD-NF	0.399704594566008	0.637722417509175	1.81535288305443	-1.80756203977403
48aa2055-ff38-4beb-b504-188824e16e5e	PCD-P	-0.0597498532808359	0.273226624277911	-0.463751538193572	-0.30391099161285
48d26e2e-0e14-4369-ad2f-290ab9138583	PCD-NF	-1.15899848947472	1.64548210347586	-0.275085108343865	0.488972875956934
49-R	PCD-A	-1.14203826534496	0.907085101472019	-0.475532559715181	0.863861976521512
49053342-efd4-4e02-9362-95bdb0713bb9	PCD-NF	-0.954400432013593	-0.0157577534178049	1.94354986007117	-1.97530615077464
490b5b9f-206a-4d77-a207-0ec3bf40dbf8	PCD-PN	-0.686180675808913	-1.73801607505428	0.6935610356023	0.579635516511034
4968f9c6-87e9-45a3-a983-2579a8212735__b1b745e6-cae0-4623-b6c2-7fd515318b1d	PCD-FA	-1.572780709122	0.0908445317111285	-1.41523502380924	1.08365672428484
49f98bf8-5105-4cce-84e8-f6933411955d	PCD-PN	0.0461903793718219	-1.31810087242772	-0.621081089773471	0.386439744889432
4a2414fa-67c1-4faf-a3ec-5a99d8ef15a3	PCD-A	-0.946330863123357	-0.208629982901371	-1.74232695877188	1.02668122570317
4b114d44-ce79-4fba-9d32-733f63f2b78d	PCD-A	1.022221189556	-0.588201857870235	-0.250872210698159	-0.0391439306519312
4b126ae8-7051-4a79-977d-114ff0f45db6	PCD-PN	-0.242336913126736	0.388203330198873	0.107463014170287	-0.490313791160721
4be3d5ff-7225-432d-a320-8eac6b4d2cd4__60ee923c-845b-4488-9ad1-fa452f5469b4	PCD-P	-0.333965455993015	-0.193686348286943	-0.82226695579874	1.02302921395846
4bf051f8-67eb-4ce2-abb0-37359d673d38	PCD-PN	-1.1990152692954	0.642274878886299	-0.752687454299265	-0.5344585539954
4c059ae2-e467-487f-b339-7f13b1539d92	PCD-PN	1.61312040851521	0.181390585901686	-0.0208916382151473	-0.428167486234431
4c0b1484-be45-4a9e-91a3-3798b97c7944__67ef0161-cff0-4c91-93a1-4ded88032d4e	PCD-P	1.36210515804955	0.395487065254111	-0.209699288290697	-0.167890146696217
4c127d85-ec39-45fb-b2ec-0b1c02469de1	PCD-FA	-0.35502956412847	-1.50174587659122	1.25939577618421	-0.547851323571426
4c1c03f2-1b8d-4c77-8f9b-b1cea9641c17	PCD-NF	1.13258929783509	0.563652664596417	-0.797889164809425	-0.529549465064171
4c5261a7-5039-47cc-8076-01a543db3a05	PCD-PN	-2.32142807980244	-0.156644801544187	-0.472685376736063	0.791694205776289
4c8f9392-2b64-4ef1-a6f2-db31e3f2b02b	PCD-FA	-0.797108744221539	-1.564079603604	-0.164666645247934	0.878081779615257
4cbe6180-9d20-4e92-80ec-14bdb8b12564	PCD-NF	-1.76131183539884	0.0371069947651457	0.371335289641267	0.0890827414731549
4cdb7c3b-44af-4445-8635-05026e1a0a7c	PCD-FA	-1.26617128566437	-1.59315104661153	1.23771159996185	0.329599479759437
4d58816b-abfa-41fa-802f-3dd178599739__b8b863f8-3c64-4f74-bf59-0f50c4d7dd75	PCD-A	0.0650371859312571	-1.12374053906821	-0.214404220824696	0.669647807262109
4ddeea74-8c1f-42ad-a906-728d398c09b0	PCD-A	2.15871085363579	1.1009645661833	-1.28372035454552	-0.454194954164126
4e106d89-a3e4-4994-baf6-3103910024cf	PCD-A	1.7917483302859	-1.04402403476079	-0.150608999800844	1.41164476503448
50-R	PCD-A	-0.108365918584564	-0.148936667405794	-1.71748745494247	1.20393125521408
503d1031-c06c-4a1c-9558-25b799595d56	PCD-FA	-0.798159123095938	-1.14176744045847	-0.418616561933162	0.299632737944619
507cc6b0-9e00-4e33-a222-2175b5ec1d15	PCD-P	1.44101397350163	-0.421102602391722	0.973624979521217	-0.899557708998864
508ad682-5b7c-46f3-8cee-b795df2e4911	PCD-NF	-0.0355910065691598	-0.275420429522941	0.277076921188361	0.277483813791596
50964e7c-9b6a-44ad-aa7f-aaa838108831	PCD-FA	-0.52083689100918	2.29893715721701	0.269631920441972	0.0937290204166156
51-R	PCD-FA	-0.563333486330058	0.224593198413197	1.01219181116651	-0.650891320594515
510a0fea-8dda-4e77-b688-f9cb3bcd3d8b	PCD-PN	0.18876816559712	0.758784833038806	1.1275643317817	-1.79784784076583
5110d72b-f987-467e-a553-38105e1c97ea	PCD-NF	0.147939392186218	0.19390082736456	-0.370986769581683	0.338993230379033
51569702-1a49-4646-8f35-1ea84d3411a1	PCD-PN	-0.320356193821208	0.560995434420991	-1.2174867044807	0.652328367579453
517448c8-b5e5-433a-b5d0-45d43066cc75	PCD-A	2.48579018399018	1.0329120653685	-1.58993946206503	-0.441685255593108
517c3923-0ab4-443e-a72d-96b4bfe731c4	PCD-NF	-2.07580083433891	-0.698843185839026	0.959875720650076	-0.341501441976156
51892c12-7aec-4463-bc2d-85f354805d76__d87be8aa-fc6b-42a2-b7be-b60ed80ed461	PCD-P	0.814668138848889	2.02569282993055	-1.18430757129163	-0.370655680117108
51aa96ad-06ed-4ae5-870b-3d0e9563d928	PCD-A	-0.561112010141006	0.542554381015696	0.543499823570675	-1.09554527298559
51d66aaa-317b-4f2b-9473-c1e9c26dacc1__bb9b5076-8d1a-4dcb-b378-981489c10288__d669c0cf-af25-477d-b068-8edf3f333bb6	PCD-A	-0.604836131934737	0.0620136662518467	-0.00113827611539975	0.588041528606625
523f34bc-abab-4477-a6b1-3f994d29d320	PCD-PN	0.765827391592068	-0.195606725767233	1.07308563316071	-1.31023397640823
52444a61-31fe-4969-abb7-1bb4e2483738	PCD-A	1.29036192631903	-0.626400247806792	-0.461938344170705	-0.586948188088077
52cae69c-ee07-49b4-83de-a2e98eaece44	PCD-PN	0.359868529247269	0.636175213045713	-0.781401282522504	0.54583063998837
5335fb6e-1460-4b8d-aba6-04648411fb73	PCD-PN	1.23272439924355	0.711779343992403	-0.032912459776543	-1.1080761311075
533c2b91-2d31-4fa1-a72a-3fdd9e6a6b7c	PCD-NF	0.117344899336554	0.0884663687333745	0.0411787066515002	-1.09720647950001
53db9ab4-36a7-4405-8871-e580002b0a15	PCD-NF	-2.3760146912509	0.687727033583751	1.61067517780214	-0.412755511979178
5493333c-788f-49ea-a15e-5df27cc32950	PCD-A	0.685986407103157	-0.34291584284547	-0.60227222664255	1.82654218581389
5493b265-dd8d-4621-904b-4c815ca980f2	PCD-P	1.47112576173302	0.505964229722729	-0.416948340941971	-0.548388509700804
54aa8554-f395-4141-bf30-68880004ce94	PCD-A	1.49818384574702	2.18310574809486	0.173672853537138	-0.657305144551092
54b97818-5e37-4b22-913b-5dd52de3281a	PCD-A	-0.093624971654912	0.302677889456531	-0.673626657388367	0.0466136676303397
54e96ff3-c813-40cd-80c9-5a64bc0027eb	PCD-A	-1.27937379282953	1.06511736372733	-1.39033474735092	1.58087164738756
564fc785-4328-42a1-bb05-2c1558aeeb08	PCD-NF	0.428594409342424	0.945510491460002	0.378346285160216	0.147392664046029
5666a27c-0482-4df9-8f8a-c84f2080a24b	PCD-P	0.00282515872411712	0.70818137046083	0.812545159468293	0.412345822352373
56c48cff-8316-4746-8774-6bb7cf627d17	PCD-NF	0.353036293060387	1.09104139269567	-0.631911768066674	-1.37388591462336
5739f899-065e-4a76-85fe-a6191e99be28	PCD-PN	-0.761352726679969	0.23729943160354	-0.992878869633336	-0.0947397215785226
57826b73-baf2-4421-8358-2ba5d540ab2c	PCD-P	-0.871787607519332	-0.830104692207347	2.48269735061382	-1.98579591100737
57affaa8-0e8c-4167-8870-8ff0d8d2bcfc	PCD-A	1.40112463468182	-0.0287087516728269	-0.862478539530071	1.36218231237052
58-R	PCD-NF	0.452982688487306	-0.830851589264296	0.465045542618713	0.621817002622575
583d3b54-b3f5-47c9-90c6-479f14861f72	PCD-PN	0.144642646226988	1.3880280656488	0.411691982255259	-1.4701621798722
5849c6ba-baef-4924-8591-57b174c4384f	PCD-PN	-0.109051371928022	0.593351186678659	0.600647455052701	-0.690609386965377
585d8c0e-6417-495b-aa1a-147ea2ba5491	PCD-A	-0.59649615881581	-0.000293093496041476	-0.49423781307661	0.883437655256538
586182ef-8d58-44ae-8188-79356625d61c	PCD-P	1.38622404631452	0.336841312052371	-0.81830837266715	-0.218717439755444
58643f52-5d14-4df4-828c-01870e03e098	PCD-FA	-1.11236495954514	-0.248494759195485	1.15928627198212	-0.866065364958639
59-R	PCD-PN	-0.72756629716475	-1.64761606717328	-0.0367286074714667	0.52978848761665
5a0dc015-c3c9-4d42-a7be-299dd057f624	PCD-A	0.0434636639654855	0.234387977150111	-0.526234160502021	1.48711068432487
5b04b90a-7001-4521-a948-1f3fb3186e00	PCD-A	-0.747199993704003	-0.119522335551898	-0.0177163539955454	0.446654165023791
5b0b9fe2-e9f0-4d1d-80a6-6d0612e5e826__e34ae499-b9c7-4bf8-bba6-2c266428126d	PCD-A	-0.971097821024121	-0.969999086599987	-1.21306146226597	2.54622293800543
5b77a130-063d-4e58-ad06-84681f572c3a	PCD-A	0.0422787683333844	0.533744812073661	-1.76987850975529	1.65662255386893
5bf103f3-22fd-4281-b713-24811af772a5	PCD-NF	0.261039578832659	1.48104193782131	1.04582854094692	-1.49486639279756
5c134bd7-6f07-4f63-ba79-ce026c8b5454	PCD-FA	-0.249974824481497	-1.03723139573641	1.7401497686447	-0.514655116802694
5c24082b-d2a0-4385-b051-aea9b987024a	PCD-NF	-0.414575182664477	0.600401946136516	-0.0767273202885612	-0.640352731770658
5c2a012d-2113-41e3-8eb0-6944c790363f	PCD-A	-0.73360676422787	-0.569379738819682	-0.285131417223131	0.867257057932357
5c2d7efc-4261-4826-9642-386f9f7020db	PCD-A	0.517112286941427	-1.52174628277578	-0.515327591327409	1.44303406060192
5cba8a9a-e76b-4b24-b686-edb0ec3d2ec2	PCD-P	-0.563468176948826	0.773912643082245	-0.88713739940333	1.23964632558859
5d430ee2-3922-410e-bdf0-03c22bc346a7	PCD-A	-0.969325509692478	1.73961335482269	0.584984822231746	-0.462740221553047
5d53f977-dcf4-41ab-a04c-1f76e4061ddd	PCD-PN	-0.937785203496052	-0.581590571196524	1.00370856551324	-0.808455389128397
5d5fbdae-7b3e-4b91-85d8-b3ee4c7cb3df	PCD-FA	-0.932707175591124	0.828157937738883	-0.662302256360146	0.771890473365352
5dc751bc-3c89-43cc-92f6-d2c4d40fb4c7	PCD-PN	0.89877915964806	0.675039905290106	0.0207557171122591	-0.259558946752398
5dd73d79-645a-4eab-b0bf-ec4e3e47cd9d	PCD-NF	-0.307916012951957	0.587157546251202	0.713219532816367	-0.740078551869436
5e4fdbff-ddcc-4ec0-ac4b-258f448aa716	PCD-A	2.12030322249347	0.965580987627307	-2.82487799919387	0.793854657924082
5e987d0c-8707-49db-bac2-8c457be2ef6c	PCD-FA	-0.714811246516644	-0.708212634137425	1.41775990044913	-1.05910918382846
5ec858b5-3cb6-4941-b23d-058b6ccc1460__da19d5a4-05d0-4b53-916e-0de253882b6d	PCD-NF	-0.656615888345731	0.939764594513761	0.134363154257835	-0.341701312599304
5ef1f516-a224-4476-8b78-3ee7a72a9184	PCD-A	-0.983016764207685	-0.000369365449937852	-0.363142708932779	0.285582686003463
5fbbf97f-00eb-4638-af32-071903813809__f11d74b0-fe0e-4d5b-abd5-bc4b13f7ec2c	PCD-NF	0.379408745743819	1.61772718342064	-0.21487505033555	-1.27779118767143
5fc1446e-05c7-45e3-a621-f8d89bacec63	PCD-P	2.46280296300151	0.958068312996431	-1.12774187478005	-0.262039884165795
5fef2f67-378e-4579-9bda-77bbaba63c62__846ff460-3d2d-4321-9bb5-ae6d009124bc	PCD-FA	0.192849757440285	-1.85530231059401	0.472861277719298	0.147369712318804
60-R	PCD-PN	0.584935357983077	-1.71202393111219	-1.02070430978174	0.075694896610606
6076950a-8de5-45cc-91c2-cb3cbe7c03c8	PCD-PN	0.435730486557565	-0.841119353632457	-0.231267633410913	-0.146802351789488
608d55a4-3041-4f97-a776-ba5a39f5f282	PCD-P	1.0168492821404	1.25984012787335	-0.0968961203601899	0.646730780947389
614f8351-3eb5-466d-825f-f88923d25606	PCD-A	-0.354866611864539	-1.29535967298719	1.13525906689598	0.546820943839966
628dd640-68cc-4660-a10c-c4b1cb227ca4	PCD-P	0.133426859102426	-0.833489482385472	3.23714506558135	-2.41267615086307
639f6862-bffc-4558-819d-5d813a2587da	PCD-FA	-0.813536392177561	1.31502834285354	-0.772604783041497	0.245531953718229
64243640-3f92-4da8-853d-cc1226eb9de6__b9651b33-cc5b-416a-9b16-f41b6d1d054e	PCD-FA	-0.886015866492307	-1.36041625832606	-0.226954713193116	1.38002511494459
642f2d54-33c1-440b-bcea-052b88a30c09__84e60953-f3f2-4a93-a61c-98dd7d2ec9eb	PCD-FA	-1.11280205927789	-0.155745125340905	0.280866543045769	1.34645356211092
644ea9d2-e497-499a-a580-472489553f9f	PCD-A	-1.99187336575813	-1.16528191695871	-1.46432400012102	2.62575205182215
6464fff6-85fb-402e-9d9b-b8d29ecd772d	PCD-FA	0.469837947982458	1.47239450798574	0.207064644489631	0.305846419878681
64ae63cb-418d-4ceb-9f8a-dec0128e022a	PCD-A	-0.479789901569158	-0.163299516744945	0.111828708913183	0.318467017883623
65647909-2a7e-4134-8aa8-8b856ae0533c	PCD-FA	-1.0225432967236	0.302766016286655	0.356535198181303	0.282934186588313
6575f526-cb75-4c5c-b861-ce4a423f2140	PCD-NF	-0.17497139478999	0.826015666865906	1.52785767828559	-1.434455563383
65986c99-2271-4722-bf28-fd85d1e76132	PCD-NF	0.479476489982759	0.0264387715685192	0.966519667815912	-1.37375362038626
659f33cb-e0f2-456a-9dff-39c33c39767c	PCD-A	0.0465862140073643	-1.11887004219564	-0.0321178245506561	-0.30090831074558
66-R	PCD-P	0.332266061013485	0.237563038575087	0.422515360219353	-0.781672833037304
660c8f9a-8401-4cd7-87ac-5428d97ad36c	PCD-FA	-0.0647652475387364	-0.108252707496082	1.81144439249619	-0.7768555555258
66103b0a-c4b5-4c14-be56-a4fb7c15b0c6	PCD-A	-0.642698690116105	-1.65552799189824	1.12811702245505	0.952341907347206
66364fc1-5e9f-49ec-9fcc-12f0e547c87c	PCD-PN	-0.049543713041955	-1.51067104226844	1.64820913914	-1.22388755462611
67-R	PCD-NF	1.28591607685185	1.44281895499523	0.1747530008886	-0.83482997672273
67353da9-f782-4d16-b99e-d2c653f13a3c	PCD-PN	0.891633925665308	0.676978724758441	0.217921127383959	-0.660127707770642
6787083c-d663-41d2-a293-ef838432a066	PCD-A	2.45370374094577	-0.674147387718785	0.0436119127904691	-0.644688116179396
67f0e427-10b4-40f8-9adf-cef2a2f7f718	PCD-NF	-0.744907921835245	-0.514610798065776	0.0688251576376752	1.14415599700424
68de0994-c58e-4042-9b8d-863f798171b3	PCD-A	1.111403963324	0.0873286571057465	-1.76027489038887	2.18305430988597
6910e6dc-4245-49d3-a8f2-5d0ceb2a2883	PCD-A	-0.107374683690478	-0.222392041472285	-0.280270520033138	1.06850426688493
69e3153e-c277-48af-ac94-88458b0849a2	PCD-A	0.0388179833360374	-1.46063567982808	-0.0575735863487392	0.463702792482733
6adff7d5-2895-4c47-a3d7-d4e66a786241	PCD-PN	-1.09568818047477	0.494613494388782	-0.419752573452771	-0.378289429732676
6b17998b-8892-4bfa-a979-5b1f52acda64	PCD-A	-0.826636734248358	-0.600228310712845	0.0478440511942956	-0.0508524578381469
6b44d622-a6a9-4296-aa26-d782c23a57a2	PCD-PN	1.05992715773001	1.35495192898686	-0.797022269805904	-0.0141107770736724
6b4ca01c-c6c6-4cbe-9cb5-bece8f5704d8	PCD-A	-1.06841313496536	0.305485128024604	-0.0242995440998972	-0.361561521311107
6b7009d2-e40f-4e71-82ef-fbc631c04d4e	PCD-A	-1.01117135262497	-1.34630405286801	-2.21992989098062	1.80454681044105
6b7638f5-4824-4a76-b1be-c0f1df94f3d0	PCD-NF	1.3143867782954	1.08224192950623	2.04058905214696	-1.72527504249005
6bd50d1c-4b3d-4998-8f1c-57bbd3ff5ea0	PCD-PN	0.486242632044113	0.68824773300271	0.501341881313115	-0.949614120059893
6c679cde-8f73-463c-9b68-0c3d2ed6a583	PCD-P	0.248040290641418	-0.202254779062069	-1.02895725698199	0.91288317184684
6ccc231c-515e-491d-98f1-96dae81c8dc4	PCD-PN	-1.04885359918212	0.161549278042575	-1.19896437733264	1.07169587319429
6d000f49-2309-4b4d-bd2f-59dbcb863398	PCD-FA	-1.97764257911652	-0.493833012914577	1.5087061845938	-0.112039566623266
6d4f96c4-c7b6-4176-9813-6f5ebec3bc61__8bea0c7e-81f1-4954-bd9e-ee7136899685	PCD-FA	-0.252926578735908	-0.842848253277956	-0.267232669456447	0.240892202268976
6d9b8c32-9211-433f-b2d8-d4a121481203	PCD-PN	-0.131619525472792	0.164880648144766	-1.05943363052748	0.104915287573575
6dac3d25-1743-4147-98f5-66d6eaede47f	PCD-A	0.785490169587036	-1.35916153309905	0.822560894549607	0.150228549282698
6deebfd0-1357-4c38-8268-ad2fbc85bead	PCD-PN	-0.0420108962034304	0.71403148185029	-0.728647983137924	0.331798900824417
6e0a71a6-2169-4c63-a0b5-5466ae1d8d8e	PCD-PN	0.172848429117089	0.062162989367385	-1.02119575417441	0.61951265687267
6e138fdf-589c-4414-961e-ec6f94f70ee2	PCD-PN	0.0333011355608951	-0.692040067846293	-0.264587899418574	0.40008735482703
6e85a3fa-d088-491b-ae4e-2a779c6672fb	PCD-NF	-2.03293058626213	-0.833050232853929	2.25720882568325	-1.22464773244449
6ed156f4-b871-491c-aacf-4cd304dbe00c	PCD-A	0.024453431731573	-0.11551421633815	-0.967588445875938	1.68591082098922
6efa9f62-df24-4381-8e8f-29a75adbcee9	PCD-NF	-0.916614411071994	0.265599056925232	-0.205084007318883	0.257567448278254
6f44643e-b8d8-42bc-92c4-07329ab238ea	PCD-A	-0.667840446594651	-1.41990248067101	-0.0363404634364056	0.896364816450521
6f56d3a0-5c29-4956-b02a-8636957c94f3	PCD-PN	-1.16594413787423	1.63901647834064	-0.894508403346977	0.732253901484175
6f6b9478-2f80-422b-b151-c1da62b571af	PCD-FA	0.0792169207296336	-1.4259473629515	1.60295163938958	-0.508359976711049
6f7faba0-9b1f-4a03-8ae0-13df6339b88f	PCD-PN	-0.251356291414225	1.14459922172566	-0.0540028344313528	-0.369365416108519
704f4d9d-153b-4035-a30b-e3139a80aa74	PCD-FA	-0.445757779380897	-0.0441486645100718	0.797349993982327	0.924036093176739
7089c3bb-b7dc-4fb9-8e3e-d81d16877afd	PCD-FA	1.13065363078124	0.175527990555022	-1.01274795490582	0.999385314965458
709cbbdf-7e06-4b60-8ba3-a8723ed348f0	PCD-A	0.134173658353457	0.737896718408027	-1.15125435543824	-0.05772707047912
70cf560c-06ba-41f3-9e72-8687513afded	PCD-PN	-0.498170098086922	-0.110895782213781	-1.43546426018343	1.01127971810853
72df0fc1-a281-4325-9cf8-9a66808bd1eb	PCD-A	-1.28512964724993	-0.372448852441346	-1.66970043602238	1.70639356059043
730e9961-2e11-4b35-82de-0f2d00091d00	PCD-A	-1.45557381556002	-0.843411691569006	-1.00807981356136	1.61464546847443
73786677-c014-47c4-b7cb-2e65c9a82c7e	PCD-NF	-0.603045116738243	1.08481516511898	2.70994056995541	-1.84746249861194
73_R	PCD-PN	1.20612845900667	0.958365179309921	-0.953644899867309	0.588857175172688
7447f78d-a882-42c2-a527-7bbb2b0efbb1	PCD-PN	0.805205010378341	-0.376262288159158	0.789280806660022	0.386625168336848
74_R	PCD-FA	-1.24941463405117	-0.766419405627014	1.24319939826497	-0.366643674073043
74e893ec-8896-4753-b449-f46a392c5268__b8740c50-fc20-4b62-89ad-950609cd08b0	PCD-P	0.454493357179459	-0.964810730000064	1.01546418322774	-0.332632476767451
75_R	PCD-NF	0.0268356927470875	-0.539118371448578	0.00809491655387341	0.757297619477193
75a67d6d-430d-45f7-8956-6a4662d84054	PCD-NF	-0.691360127641611	0.184159235421693	0.417106455609321	-0.121451663569186
7686a019-76f6-4073-be1c-76ccf78d6522	PCD-PN	-0.0703071327153765	-0.439417235899423	-0.0201509995722476	-0.658831720109038
76f43710-768e-4529-887c-4854553241ea	PCD-P	2.36535112830936	0.679239383759922	-0.213471569103147	-0.170337337022307
774af7f2-5a53-4fff-88e4-d44cb05e1494	PCD-FA	-1.07690130112242	-0.234011386620162	1.87186647312309	-0.452388798891188
7770e95d-ccf6-4403-b649-89a4e6d84528__aae7532e-5004-43ec-b568-758ee413448e	PCD-PN	0.583710027487903	-0.196543056912723	0.0972482530600054	-0.250817820330057
779f4904-9e19-409a-bc09-a729877646c6	PCD-A	-0.681515025348461	-1.05385510185363	-0.839430524715639	-0.118979047646425
781691bd-ce92-4eae-b8f2-832ae8715fad	PCD-PN	1.26676425969826	0.590567620033714	-0.50804701700017	-1.1053453679208
7895db93-aba6-4caa-9122-6d315808cb8a	PCD-FA	-1.24932323213987	-1.01731530317801	-0.230456976294317	0.905109726187546
790912d7-2810-4c9d-9073-44a361f69273	PCD-A	-1.47908808811006	-1.54047289392761	-0.219218996305547	0.396097246484881
79d515db-a72f-4123-804c-374e55f1a3db	PCD-A	-0.633047224218604	0.531674583139275	-0.216253820285823	1.4828247579109
7a0e451f-c0c6-49e9-a5c1-798e6937051d	PCD-NF	-0.54650260626241	-1.09773086686464	1.67760711646059	-1.37126297174559
7a1e0cb8-9d41-4c78-9a0b-9e4d21925ec2	PCD-FA	0.390518958550265	0.754484200923772	0.37355638219648	-0.218690989483494
7a4ef07c-dd9b-497a-b088-bf3f2ec38132	PCD-PN	0.459307952001094	0.276435766473577	-0.9112852609063	-0.370054469870813
7abde899-54db-4308-840a-b532a4ff7d65	PCD-FA	-1.53237380142072	1.15961489709252	-0.906450634803191	1.3058587023862
7afe8c34-3c9f-4cd4-9da0-bfed560c42c7__beec021d-aaba-4127-bbf3-18e1176806b3	PCD-FA	0.489549884257663	-0.185145749772905	-0.00719500276848592	-0.37239593670443
7b0a1ef2-aa4c-4046-a1b5-9a02fb3aa205__8a6efbf1-cb9b-474d-8a67-11747f0dc84e	PCD-FA	-1.82309045835931	-0.907784058269847	1.4163879045793	-0.8916235632027
7b12edaf-0d99-4cf2-950a-8d0cae1500a4	PCD-P	-0.306654815780476	0.500882547714752	-0.239498675159568	0.835130726901774
7c1cdbcb-0345-4fe6-93cb-3402b93072ab	PCD-NF	-1.30897305817869	0.575230618642042	-0.118011486097057	0.12642421733328
7d8eb85d-8617-4736-93be-4d5711d16e9f	PCD-P	1.73603130820004	-0.830640764043863	2.00805698157708	-2.06130030228638
7de76da0-2f74-40d9-98ed-880377ac8acd	PCD-A	0.484710773604579	-0.281099889909428	-1.25067432673058	1.43303764773167
7e4bc0be-dc46-475d-a4c5-9db183bbcaa5	PCD-A	-0.282733754399106	-0.742632744242424	2.02142643432244	-0.898557659726309
7e7cc8ae-9036-49b7-807d-23b67526db5d__c1dbb963-66eb-4e3b-8add-bda7e2b88584	PCD-P	1.52984922509416	0.467899631519712	-0.930152032422814	0.227496185305348
7f941f9f-b155-4d44-b3d2-6c01b076ac00	PCD-FA	1.61609141539091	-2.32464280001917	-1.26582956811657	0.773253961766689
80273d65-55f9-4ce6-b479-a9f849ab5389	PCD-NF	-1.86192592580948	-1.34121378263388	1.03616311273529	0.766564529776375
8039a49f-0688-432c-918b-0f3f9d3e8ec2	PCD-A	1.01473713174922	-0.334534480576751	-0.92230187459274	0.457153561981878
80402924-c2e0-4764-9b4c-6961d95f0580__cf007fef-9991-44a0-9c1e-f7a7e6ee6e84	PCD-NF	-0.277161308072378	0.854251400321352	-0.701363300059239	-0.717021538030206
80a7b8a9-999d-4305-81d9-cdc83bed1ca1	PCD-NF	-1.30377104542691	-0.216648352323637	2.28262405029454	-2.21000962030255
810aa548-fa75-41f7-a67e-fb82ba1060b0	PCD-NF	0.710499592175173	-0.554745525217748	1.33811612861785	-0.245373021567176
81537e8b-e699-46a1-898a-d6f5d72925f4	PCD-NF	0.764809462611368	1.0195868378697	0.307629351950821	-1.04908667237817
817c98fc-2d57-4cdb-9494-42b1569dc2d3	PCD-PN	0.921247348005687	-0.304382144543818	1.00835827582083	-0.831539048442888
81f71020-5110-4d6c-a461-4c2909db5f0e	PCD-PN	-0.889308141215483	2.03695506697039	-1.08762259148008	0.439235573413814
822979b4-f4b9-4ca2-85e8-029feb9e7500	PCD-FA	0.498254527219487	-1.16570372532714	0.400375034000699	-0.12885503924496
82380a8f-4162-4562-8c2f-9e9c11f3ccc6	PCD-FA	0.270378367490139	-2.08349086251822	-0.165521697767389	0.0819236430132927
8336dd6f-04af-4a60-b292-fd7fd037e97c__d0a0447f-dbac-422d-b849-269d594ac68b	PCD-A	0.521343265982968	-0.576545574652758	1.47806607778059	-1.37911918601354
834eeaeb-e064-43e9-9f51-da6a6d7ce066	PCD-PN	1.369382029806	1.00159319215302	-0.442912479558764	-0.765154523412836
83_R	PCD-A	0.643554613110038	-2.17617002346256	-0.641295177196418	1.23976971729663
853ff0d4-5efd-48b2-b86b-884f2f5e2a14	PCD-FA	-0.091686876039331	-0.489821294972481	1.49824784215039	-1.38577718439025
8555f2c4-3c91-42e3-b89a-8d0dc872e2e6	PCD-P	1.74870308229719	1.2703467888793	-1.79808691124919	1.04142016373399
85aeecb4-4646-4a87-a7bf-75349cd2a38e	PCD-FA	0.0767365227694401	-0.733072611915715	-0.375325708930658	0.813756237034447
86007757-f482-47a0-82b9-506d5d9a275b	PCD-FA	0.884870600212008	0.167516172456701	1.17459499813989	-0.105993268811808
861c14c7-4d35-4fcd-bdc8-69b49dd560f0	PCD-PN	-0.678608245805964	-0.131536001828759	1.16402363391885	-1.70862806927026
87a7d6be-ef5b-4c72-9a2e-8a7e774950c0	PCD-NF	1.08446828301375	1.76794166964725	1.328310920236	-0.968051921176211
87d455f6-4be6-4f79-b343-c4efbbd3f707	PCD-NF	-0.679969718582076	-0.146021043589351	-0.244003025612008	-0.343609936502788
887d794e-d509-4ebe-a270-f0fd1d5e09e8	PCD-NF	-1.27062097012919	-0.319204988942771	1.57146898146757	-0.853355647113899
88ce038f-891b-43b8-89ec-93a674e6cf1e	PCD-A	0.833092211855564	0.769051359042744	-0.451095763293364	0.882416748006246
88ebe93a-5d23-43d1-be7b-63e7d77415ff	PCD-NF	0.292602332892554	1.57695348645182	1.13450586168895	-0.916703039588169
8913f776-fd7a-4345-9ced-bda1a2496b33	PCD-FA	-0.193976283335306	-0.157147775409549	0.357910413054082	0.786589326318354
8999c6df-b66b-4749-97c1-f3b75697b37d	PCD-A	0.658482745198609	-0.369550446626244	-0.743221903182347	0.620389731185613
89ee14e8-c27e-4bb9-b03e-59a79381ed75	PCD-A	-0.0113409777682482	1.03570938913941	-2.03011226428547	1.11188052292676
8a217600-83e2-4e9b-8dbb-9866731f0af4	PCD-PN	0.564998886476689	0.926548637350324	0.457930216606967	0.117943631970517
8a56f082-cc9e-41a2-8a3c-3b8fdf1684d8	PCD-PN	0.61919111519951	-0.835338965661557	-0.202129355444807	-0.168908512148744
8a97f81d-5070-4632-9367-a1b4c1318478	PCD-NF	0.0034126130305983	0.967770547332647	-0.444980501964205	-0.0457287209339196
8ae94817-6e9d-4df0-9e20-ae4b034b4962	PCD-A	-1.10890453422714	-1.36064811553719	0.051540449988532	0.265240969105134
8afb4e36-d73f-4c2b-a3a3-2ac922ad2e97	PCD-P	1.1447929217714	-1.06395591251077	-0.477689391947548	1.13839697630569
8b43df4e-a063-4c53-b48b-74b6048771f1	PCD-A	-0.428425088685008	1.27757353220961	-0.161421676898957	0.270725940561937
8b48233b-2e99-4e90-884f-69f7daf3cd85	PCD-NF	-1.10531746624627	0.770438321808984	0.412666970190619	-1.36713731217273
8b4a665a-4452-4c1f-8d8e-a285119f9f7c	PCD-NF	-0.348831053074304	1.0429558670059	0.84732926826224	-1.2356669631415
8b8bc406-a6ec-416a-866d-6ed54e3dde07	PCD-A	-0.916922931693794	1.1177998578157	-0.807263623541677	0.667424651293582
8b939486-d9b0-4c8f-89b7-235e038c44f9	PCD-A	-0.266004017731828	0.998765989343954	-2.25843600160275	1.11961105793887
8c7afd56-7df2-4c77-9c5d-f9a00cc77fc0	PCD-NF	-0.0951131676820422	-0.344076657842285	1.293011864771	-0.857944777699428
8d27ac05-2511-41ba-b3e4-181d77587d89	PCD-A	-0.762492624916701	0.283997604690034	-1.65541853708731	0.80033711725398
8d7192e5-7ae2-4d2d-8196-31892dca88d0	PCD-NF	-0.507934494910435	-0.327622179628095	-0.232464903655445	0.85859555529748
8f990953-b481-4620-815f-99557a6d1d83	PCD-PN	0.992169838675362	1.45499878820777	-1.10022731762276	-0.176643379505966
8fa891af-2ab9-4e1a-9c68-34d2f5ad231f__e530dbf3-740e-4175-8997-52d6561db603	PCD-FA	-1.0187570094436	0.210930849948154	-0.430952929939114	-0.311814582552378
8fc8a87b-0e72-4bab-afd1-0bbeeb495c8f	PCD-P	0.2298693424193	-0.204295117268759	0.192693460559072	0.348280316373777
8fcd999d-1ece-4f53-8cd9-a46522a8a89e	PCD-P	-1.1707726278037	-0.915664252467845	-0.162519486001906	1.59384557558562
8fda7a26-b114-4a36-8448-534af5fac25f	PCD-P	-0.301363935479026	0.864843903409965	-1.40087605714516	1.40698762871096
905cfe23-4855-4707-8072-2eccbb0a40cd	PCD-PN	1.07500509210011	-0.0382038420391076	-0.676496463595761	-0.682301787290295
9074871a-34eb-4db3-af1b-b7a3811f1c5c	PCD-FA	-0.93889762508678	1.33118784486289	-0.100764296786212	0.514293549030376
907d39d0-7e81-4d83-88dc-26cce0e7a0a1	PCD-PN	-0.139756883177807	0.83864235599631	-0.129010282937821	-1.03487216768
90d501c9-8c51-4490-88f7-96186c4aa42e	PCD-A	-0.726720778743892	-0.198034891828454	0.507581628295941	-0.52934282139625
90fff658-c8a9-4582-8c9a-4458427edd2a	PCD-PN	0.363741538437006	1.16738650578427	-1.51672449474029	0.380940545079758
911e172f-3f03-4017-b5d1-e03c47f294ec	PCD-FA	-0.385470869333472	-1.29111274918804	-1.37352685732498	2.14357679274073
915c8e6b-8060-4c43-b1b7-1985244fb174	PCD-P	0.238695852306442	-1.62472823220521	-1.19405717233114	2.22967005952078
9182fd8c-5336-436f-b493-7fc8ce6e7c14	PCD-NF	-0.752301546049141	-0.11595948767009	1.24355532824311	-0.582262016336519
918ed26f-7a7b-4dd7-98d1-08b38b3f9c2c__c3afb604-a6e5-484e-a919-89f2b8f37b26	PCD-NF	-1.3291154318305	0.733950213394343	1.04300839489938	-0.552703311995965
91_R	PCD-P	-0.32000698630038	0.409400053511865	-0.271916725177407	0.420802641348178
921cf871-f3ea-44f2-b0ef-4dede9a661b3	PCD-FA	-0.670114826541768	-0.439701605074681	-0.934174508024124	0.678024831977314
92424f8a-ab0f-4fb6-b1ef-56906e9b7572	PCD-NF	-0.717334160413738	0.526371097117832	0.133145766032715	-0.662689535247527
9275e848-7ab4-48a1-9dee-2562ddbdce3a	PCD-P	2.93798828377283	1.7731572845296	-1.34088754506904	-0.726589069826623
92_R	PCD-PN	0.294539655338666	0.833065376496218	0.284091269150575	0.0598746212745184
937e8fdf-2374-4ce6-9a6b-9f997e23ad4d	PCD-FA	1.1881467091599	1.24051540820741	0.695935985783155	-0.708545785078643
93_R	PCD-NF	0.845633784664491	-1.46563455127962	0.286511692106121	0.337869527528205
93c796e1-7ccb-468a-9b1a-e3da63b9ede5	PCD-A	0.155960465393016	0.369228897328289	-0.680176758301582	0.609658790478064
93cc0ce3-314a-47f7-8969-27db9b696b3c	PCD-PN	0.448798549789199	-0.770209342862194	0.0162836999594042	0.519991537060582
93e466b9-246a-4bbd-9b2f-b72eafdea08b	PCD-A	0.703297539862312	-0.567655502019522	-0.320767058397611	0.699873251070078
94160dfb-8b48-41b7-bfc2-df9fb0ec5f84	PCD-PN	0.225934096071234	-0.720040122151525	0.204616288012025	0.193373587845034
946a572e-fc1d-48cb-b0ce-39730137a917__db68fc19-fa4b-4619-9ea5-7f40c5f76050	PCD-A	1.17265896517273	0.34655230462608	-1.26296011941813	0.00805585550786783
94_R	PCD-A	-0.898491457212779	-1.95278112057275	-0.326520986595461	1.82634455664073
955ffc68-b2b8-4629-bc30-604e8cf80c5e	PCD-A	0.799304187033437	0.0679983986940503	-0.216704929830527	-1.50642910926788
95_R	PCD-NF	0.133903630888574	-0.263707493086444	0.677783768053455	-1.23496334722045
95bba73b-f215-4b5c-8183-9928d9d511ff	PCD-P	0.646772000675456	2.27677923756759	0.165345607918008	-0.23581381712641
95d9801a-70f0-49e2-86d6-a78af6738e59	PCD-P	1.72131729540105	0.619261698895641	-1.80416147150648	0.453090572603468
9628a583-0249-4de5-a6ca-ac4b66554497__b99d8797-af34-45af-8372-08d764588068__ed59ef20-da15-437c-bf87-3e0c244390d2	PCD-FA	-0.0935784828202222	-0.669108776521551	2.28668348133161	-1.54130010215505
96_R	PCD-P	0.028922917672284	1.6896457623651	0.414114371496235	-1.42359726177337
978b40fd-f4a9-4cdd-82a0-5e34bc5a1b58	PCD-A	0.41368728706792	-0.353875153248556	0.34344652425644	1.02193403190616
9796fbb4-b7c3-4b49-96a5-dd727e8a49cc	PCD-A	-0.727701912386769	0.317189028682127	0.273243045893156	0.234262750104721
97_R	PCD-FA	-2.56170878993555	-1.1493409447638	1.49087762514577	-0.691339208287097
97a05a2d-ab19-4a06-967f-285701da6b0c	PCD-FA	1.53034391727877	-0.571359761741093	1.46565044998063	-0.661230961362912
984109ff-a992-4233-8b66-c24a0a2cfa08	PCD-A	0.63856823352002	0.184658131766467	-1.84188234622185	1.4337268493692
98817a33-a7e1-4292-9906-43c68fe93694	PCD-PN	-0.617010471077584	-1.61009355546676	0.834834156987421	-0.467139567272535
98_R	PCD-A	0.155011602446098	-1.23692908992287	-0.258792726959685	0.534116045883255
9932a387-f56e-40c8-9b49-2dabb8b2d83b	PCD-NF	1.08694649252788	0.399578972695343	-0.562485695911482	-0.113029244468895
99_R	PCD-NF	-0.0520686345917808	-0.101440871328015	1.70650813963191	-1.41123150421759
9b21a964-5c0a-4ad6-84a1-87555bf7d195	PCD-FA	-1.54989244868378	-0.687523085446223	-1.4974008224483	1.42756548768343
9b83331a-4bac-43a5-b745-ae320393520d__ea527177-f384-49ae-bf04-9d639dd11f5a	PCD-A	3.71652668559948	-1.69387619696663	-0.721653001379994	-1.74122693352555
9bd1f3db-f745-47b2-bbb6-f1346333a7a7	PCD-P	0.000396727592508964	0.853815894964519	0.814404182567205	-0.460399927049483
9c039399-91c5-4779-a266-93fa3e03e03d	PCD-PN	-0.311655208485332	-0.0955862400478653	0.251889490773898	-0.460413635899771
9c189695-c2d2-4acb-a6dc-dcb02a01680a	PCD-NF	1.65154330715398	1.39142887478217	0.0230582673014974	0.17681353964709
9ccc833c-363a-49da-9376-e081efd8873e	PCD-FA	-0.948327668196676	-2.13051306209263	0.496011283564128	0.199688523103742
9cd15857-b088-4b70-b258-a2e7d36dc5ba	PCD-A	0.790673114227465	-0.0303474248912923	-2.86538471803754	0.938472477395101
9cec7514-2461-4666-a722-221465b25c7f	PCD-PN	-1.162301152879	-1.03707509900706	0.193913432862535	-0.579273238903941
9cf77477-96bc-4bf7-a651-3b9f71e6b5ba	PCD-FA	0.219247902582901	-0.0225622361433486	-0.1215229986668	-0.402663665408211
9deb7a6b-72dc-47f1-98a6-de492c43fa68	PCD-A	-2.19853181069713	-0.250359595389253	-0.0325704425447346	2.01276503044553
9debf573-6376-42d9-92f2-05200440a896	PCD-FA	1.33524278697271	-1.85593664436682	-0.42495868842837	1.01111640801359
9ed64888-3056-4118-86cc-bddaf9da2dda	PCD-PN	0.487155157466287	-0.24850723367005	-0.435466334427425	-0.281485538408565
9fd2ea57-3af6-4de4-b254-bddab901452d	PCD-PN	0.232637940561179	0.668749634739065	0.0650094604640119	-0.425195872421826
CPT0000250008	PCD-NF	1.09222687713504	-0.107100257416329	0.0385828075436752	-0.867557193357105
CPT0001020164	PCD-NF	0.303676608913787	0.975410633857062	1.27381057886979	-0.971573568183909
CPT0001730008	PCD-A	-1.19750232035845	-1.76253259303566	0.323799756122905	1.93280312863907
CPT0007740006	PCD-A	0.762900803256257	1.6150846306583	-2.37997870981721	1.98092842734933
CPT0008750009	PCD-NF	-1.17359363846149	-0.677633370541316	0.0349819701046521	-0.186664342763694
CPT0010050009	PCD-NF	1.49901820716631	1.67301422723048	1.40702922569712	-1.20415020198829
CPT0011520009	PCD-NF	-0.681680229790375	0.560217406238413	0.775960388847699	0.303596953218947
CPT0014040009	PCD-A	0.239493422033347	-0.340681910197924	-1.05650001231483	0.947476980005658
CPT0019410007	PCD-NF	-0.269543373624426	2.19758262156456	-0.447784385717671	0.225375120657861
CPT0023470008	PCD-A	-0.653774781418667	-1.36888044362613	0.359970332817028	0.896251858306048
CPT0025750006	PCD-PN	-1.01099853176798	1.23810594102418	-1.56200600153683	0.513985502253305
CPT0063430006	PCD-A	1.79089545922081	1.16713428027958	-2.05766888391176	1.25567587240744
CPT0063480006	PCD-P	0.547495501395263	1.23681555992176	-0.837038311484959	0.575695717685769
CPT0063570006	PCD-FA	-1.68650840823323	-1.04573803274578	-0.48547567279445	1.95001718808699
CPT0063970010	PCD-FA	1.60304705929822	-0.264225872973046	-1.36930938296461	0.63374626837625
CPT0064040009	PCD-PN	0.753964494805315	3.04756293192458	-2.04228071458513	0.979928497039225
CPT0064090009	PCD-PN	-2.11339707144506	-0.168285991295425	-0.125383907598979	1.33901978333106
CPT0068280009	PCD-NF	-0.529904333871902	-0.625095134319762	1.48037454976417	-0.953524677632139
CPT0069890009	PCD-PN	-0.777407035876615	1.68289216707302	-0.261224856864983	-0.310363939020286
CPT0077860009	PCD-A	1.26047776611323	-1.50491120321176	-0.341374224237161	0.370407781240653
CPT0077930010	PCD-P	1.06726958090127	-1.3065214359842	0.22391480188924	0.124969723115918
CPT0078000009	PCD-A	1.5757768361629	-0.404984213366084	-0.603656342188695	0.272412838357565
CPT0078090010	PCD-PN	0.0876971302946754	1.0882406801182	-0.942943311558623	0.669698441993806
CPT0078250009	PCD-PN	1.43391046733785	0.883229898248216	-1.76108177723544	0.139389921182791
CPT0079050006	PCD-PN	-0.0787254357202327	0.728022137185128	-0.886904493769937	0.801677277193287
CPT0079100006	PCD-A	1.43640187884377	2.06894831269787	-1.66097201255336	0.493468138113143
CPT0081260010	PCD-FA	0.409771242036406	1.41794128913899	-0.998400835832562	0.284661930147606
CPT0081360010	PCD-A	-0.400522397367575	0.608513452672882	0.367474271972925	-0.527447680102275
CPT0081470010	PCD-PN	0.0478387087097002	0.333904674838585	0.345787525616253	-0.693297268934113
CPT0083270009	PCD-FA	-1.25137225760782	0.735838770790654	-0.669311572058655	1.07770578897151
CPT0083980009	PCD-NF	-0.332681324256719	1.2791201361853	1.30159985022342	-1.63127188710943
CPT0086190007	PCD-FA	0.254414498667999	-0.942214662104905	0.892274033589208	-0.300299846001645
CPT0086260006	PCD-PN	1.57702774657806	0.837870535347893	0.243376182342744	-0.537025056666676
CPT0087190006	PCD-NF	-0.918238773814923	-0.493365101879278	1.77010991708291	-2.05194428031697
CPT0087890007	PCD-NF	0.55923234573116	0.803509301769699	-0.570503268706338	-1.18066949334491
CPT0088180007	PCD-A	-0.879596247865244	-0.124748883511889	-0.411338419436663	1.55878756673122
CPT0088260007	PCD-A	1.18799924948992	0.246581743204982	-2.08546354480316	0.475059781207005
CPT0088320006	PCD-A	0.454298145302723	0.883317040426833	-1.30314960079831	0.776840714350255
CPT0089880006	PCD-P	1.9703149542216	1.28315762851605	-1.96193369346841	0.562016157676716
CPT0090440006	PCD-A	0.556156327542871	1.09838450813606	-1.5817809556855	1.35246919890089
CPT0091050006	PCD-PN	0.803527861694663	0.626166037047051	0.99876395229858	-1.29279383163935
CPT0091610006	PCD-A	1.37275167559883	-1.18172582738101	0.797705000403476	-1.077793207337
CPT0091660006	PCD-FA	-0.631611479306976	-1.14281793306015	0.59203356464745	0.444474327492646
CPT0091820006	PCD-FA	-0.596194178941572	-1.41185400784581	0.00332022775844711	1.81627143847511
CPT0092630006	PCD-FA	-1.76165987631956	0.746356761842147	1.1041931684853	-1.12891690315075
CPT0093930007	PCD-P	0.808531587244618	0.264312962705195	0.869307773365327	-1.03527697698144
CPT0094030006	PCD-P	1.75073152080842	0.681545194783907	0.927071002921228	-1.63078137847968
CPT0094130007	PCD-PN	0.570950365695293	0.419553900009728	0.568882759386608	-1.89362610938925
CPT0094230007	PCD-A	0.278905187396033	-0.331199492779537	-0.609069082412087	0.304572419095102
CPT0094630007	PCD-FA	0.17687442567454	0.295581104682224	-0.56430398755806	0.311870777526286
CPT0094740007	PCD-NF	-2.30483604768517	0.398177354797385	0.343271822876509	0.338021249084512
CPT0094940007	PCD-FA	-0.0900263628501411	-1.47340813788548	-0.614486497626098	0.801515248323567
CPT0098770013	PCD-A	0.792677565038817	1.08042564092049	0.293619575798574	-0.891561834295282
CPT0101130006	PCD-NF	-1.24313595399626	-0.419458066778079	0.612929780251114	-0.909171127664107
CPT0102790006	PCD-NF	-0.693382330136296	0.586471240467291	0.644224404446159	-1.30255918578461
CPT0104360006	PCD-NF	-0.657800172480203	0.20957127077112	0.605867197781177	0.607898974309102
CPT0105420006	PCD-NF	-0.711602642744733	-0.0587732307804574	0.217799190300537	-0.14990436682675
CPT0108400006	PCD-A	1.34209720440384	-0.985588526159604	0.115148043145845	0.0184236531170623
CPT0108560006	PCD-A	0.433017736250296	0.280001264224139	-2.34152333200671	2.00611103365007
CPT0108930006	PCD-FA	-0.540670409117672	-1.8740175561614	0.134264143650738	0.293580514413595
CPT0109010007	PCD-A	0.101541807700087	-0.671343757946912	-0.983549627933261	0.370124186646591
CPT0109110007	PCD-FA	-0.878801685729143	-1.12537858032974	0.628952512551898	-0.954217612393538
CPT0109200007	PCD-PN	0.321487050791575	1.11589863429351	-2.30492729523735	1.51055941786156
CPT0109300007	PCD-PN	-1.72905822800588	0.297334712745299	-0.826043638475134	1.4703721914979
CPT0111150007	PCD-NF	-0.73906070243011	-0.674834052174049	1.20263018389153	-1.59191266700575
CPT0112540006	PCD-NF	0.720739353420899	-0.280871563752312	1.65370222773219	-2.15731501616633
CPT0112580009	PCD-A	-0.744804533023467	-2.22281738102617	-0.95013460803475	1.59198736070892
CPT0112650006	PCD-FA	-1.09374428891016	-1.36865227497628	-0.530706957707394	1.87273047472787
CPT0112720009	PCD-FA	-1.11178878627095	-0.877968910784772	-0.102866772631916	1.18179326950226
CPT0115830006	PCD-NF	-1.54910555905975	-1.05980547046048	2.02298799849321	-0.902578901867214
CPT0117720006	PCD-P	3.70233505516189	0.551695848293611	-1.02113235128527	-0.217230281813142
CPT0123350006	PCD-A	0.595523786681942	-0.0497005593187664	-1.15034218444538	-0.0646480430839411
CPT0123650006	PCD-FA	-1.24040435162698	-0.748676185984008	0.241726123392963	-0.501992482426205
CPT0124360009	PCD-FA	-0.672859787433363	-1.65527515773006	-0.173150549901437	0.663248254123062
CPT0124500010	PCD-FA	-1.67618433244351	-1.08309395795453	1.08465192844435	0.812753199835849
CPT0124610010	PCD-P	0.143424112416615	-0.091149120382848	-0.460370800937202	-0.507916755445729
CPT0124980010	PCD-FA	-0.274622279951314	0.168158854086884	-0.111482576206717	-0.0958744876702253
CPT0125130009	PCD-FA	0.936978141050509	-0.872628050544002	-0.174202709651973	0.389791257090388
CPT0126160007	PCD-PN	-0.515665565201372	0.120051744252327	-0.0715540640663194	-0.314728899359231
CPT0126390009	PCD-A	-0.169588371987081	-1.49643134343159	-0.307830135297966	0.21090410508788
CPT0126450009	PCD-A	1.23504108760228	-1.30589078026568	-1.32572448377202	0.888790418845646
CPT0126530009	PCD-NF	-0.0120815558801327	0.632084394250117	-0.726629370243571	-0.936373570309092
CPT0126670009	PCD-NF	-2.05128842024446	-0.310149308961886	1.00909861787243	-0.00784882755734995
CPT0126740009	PCD-PN	-0.239280418639573	-1.76369818481972	0.431040566798946	1.23274432128868
CPT0126810009	PCD-PN	-1.43218125424567	-1.53440320463141	-1.32526656381068	2.00285597993996
CPT0127270009	PCD-PN	0.829280944135417	-0.333418412661237	1.55633602785778	-1.7595361833055
CPT0128890009	PCD-PN	1.61467079499317	0.616541440426378	-0.385698202500909	-0.937564180392144
CPT0130030006	PCD-FA	-0.775124113973478	0.575176878581948	-0.498047301964867	0.560599087054297
CPT0130270006	PCD-PN	-1.38712615021888	-0.379309890770934	-0.0863995092561789	-0.571211895217387
CPT0130410006	PCD-FA	-0.35115786569437	-0.108781589561058	0.538993348565637	-1.16866964321712
CPT0136640013	PCD-A	-0.861681601589926	-0.0455108802597771	-1.42244087440829	1.68307774982697
CPT0146380007	PCD-PN	-1.76157941898159	-0.144231097675392	-0.368378535456616	1.06966237879603
CPT0146480007	PCD-NF	-1.49627262847083	-0.798239892240004	2.41881608966182	-0.863469521188405
CPT0147180007	PCD-A	1.25064273371115	-0.436437024555721	-1.25511797321209	0.904413036499366
CPT0147680007	PCD-FA	-0.646008572222004	0.28380847733968	1.48904830202292	-1.62913639742773
CPT0161770010	PCD-PN	-1.25688049342746	0.107448451810699	0.382741847013437	-0.407066957766479
CPT0162660010	PCD-A	0.844474422841381	-0.263843469812333	-0.0769343751444283	-0.00237730469225944
CPT0162760009	PCD-PN	1.68384384163854	1.25646218525229	-0.463826910152982	0.596067284875082
CPT0166650012	PCD-PN	0.18240155070389	0.522997503737387	-0.816548229175795	-0.256016723196796
CPT0166760010	PCD-P	-1.33197521221621	1.48547382093309	1.33204356349466	-0.495195696499641
CPT0174700010	PCD-PN	0.275375855496418	-0.406776362856981	0.0744280433545792	-0.29306729508614
CPT0175120013	PCD-PN	-0.0606262985580911	0.92386344233258	0.348678716094157	-0.958038952110678
CPT0175260013	PCD-A	0.616393436164604	-1.36996195369732	-1.95873425519544	1.86241619285653
CPT0175390009	PCD-FA	-0.611218672140889	-1.65189634669179	1.46005844324305	-0.86068921266687
CPT0175560009	PCD-A	-0.513095905483243	-1.17081078944491	-1.10698059063721	1.65553157157975
CPT0183250010	PCD-FA	-1.72921154804767	-1.0110260296172	1.07041335872888	-0.697678456809965
CPT0183450011	PCD-A	1.11701983781797	0.513059703551469	0.143444097087683	-0.592404608512007
CPT0185920010	PCD-PN	0.285281529517336	0.928299730508542	-0.275711963587706	0.382704630222241
CPT0186040010	PCD-PN	-0.0142497949623906	0.00871001632207885	-0.210988290016581	-0.0374104438008896
CPT0186130009	PCD-A	-0.0507779567080765	0.118234037461373	-0.471833440960368	-0.890425894906002
CPT0186180009	PCD-A	-0.787958872440168	-2.30706671529966	-0.307129193454255	1.30008869409145
CPT0187370009	PCD-A	1.78027301671305	1.7260070421874	-1.94167100995884	0.934028659347016
CPT0190550009	PCD-NF	0.139719580001037	0.452259812139557	1.11713689228534	-1.17003584889892
CPT0191710009	PCD-PN	1.3485660818521	0.968883670881175	-1.10820170352478	-0.23791991175474
CPT0191860009	PCD-A	-1.2422932766242	0.422671682197766	-1.33618587694067	0.362455359030557
CPT0192540010	PCD-P	1.76931359263919	1.19451994803974	0.0366051052076875	-1.01132539113107
CPT0195510006	PCD-P	1.08157827304225	1.75649513107828	-0.391254301536333	-0.407254712972145
CPT0196810006	PCD-P	0.644453260183523	-0.163080307887149	0.271089789629418	-0.736535288178188
CPT0197090006	PCD-FA	-1.58322399071748	-1.22716852195791	-0.791984356245543	2.67036583097314
CPT0197150006	PCD-FA	-0.348546660624771	-1.53972534484509	-0.216114665529694	1.31098380490436
CPT0197210009	PCD-PN	0.59946827555714	0.519407508845363	-0.74867956577047	-0.29050423396827
CPT0197420010	PCD-A	-0.172153465108887	0.485336397200085	-0.628437183031353	0.643501925069674
CPT0197480009	PCD-P	2.34449881678664	-0.788797828311119	-0.74859432509717	0.307094316937848
CPT0197740009	PCD-P	2.33836210891138	1.6413144620357	-2.58265547699441	0.542682322130289
CPT0198420010	PCD-A	-0.44281113926282	0.99653924532623	0.745116614273234	-0.728021962719165
CPT0198700011	PCD-A	-0.355680708148189	-0.265142701905707	0.158641438484755	-0.185387647464254
CPT0198910011	PCD-PN	0.166299334576003	0.0428234071839447	1.68879202408266	-1.46850356409128
CPT0202020014	PCD-FA	-0.488170877191954	-0.295716216986361	-0.340050772938804	0.679051302729671
CPT0202170009	PCD-A	1.70036396365615	0.212277078389515	-1.96858343551203	1.10611817851007
CPT0202350010	PCD-PN	-0.853055526396525	1.5303089671604	-0.202879516828861	-0.093023627896847
CPT0202530010	PCD-PN	0.402329953714194	-0.651300362789381	1.9320552715175	-1.81409907226832
CPT0202720009	PCD-A	-1.10570989635468	-1.02594918574191	-1.55684961023062	2.04781857838283
CPT0203850010	PCD-PN	-0.662906989206391	1.80547712942471	-0.331395835539324	-1.22663769451564
CPT0204600007	PCD-P	1.1096268672785	-0.138653762426057	-1.02637964135339	0.825943385903544
CPT0204800009	PCD-NF	-1.42278260208213	-1.92855635323022	1.41126019355646	0.30663704442696
CPT0204990009	PCD-FA	-0.0634723097753055	-0.61680647317094	-0.38607017513409	1.49107110560489
CPT0207210009	PCD-FA	-0.75139025669826	-0.720347120164324	1.17537204847963	-1.09967487126482
CPT0207780007	PCD-NF	-0.318664556711002	1.3651178025345	-0.763306491775135	1.66915370036647
CPT0207980011	PCD-NF	-0.414989908892305	1.11767879446235	0.703109268026073	-0.922247878021918
CPT0208550011	PCD-NF	1.22203557930985	1.14557059985474	0.0648754362561958	0.00781747419460145
CPT0208690010	PCD-P	0.259906165519209	0.32710623125131	-1.06952312593865	0.686764871161572
CPT0208770009	PCD-FA	-0.80837585319886	-0.0233891675684298	0.828352003418464	0.331225872579372
CPT0208840010	PCD-P	0.127610927917152	0.901199588310515	-1.048432191986	0.591555049726415
CPT0209020010	PCD-NF	-0.256302923573123	-0.921174352292119	1.04602879486726	-0.685897236584932
CPT0209310014	PCD-A	-1.00722233724631	0.464344273750151	-0.854124279165171	1.05566327875782
CPT0209490009	PCD-NF	0.421564463198988	-0.307470039280867	1.82841040752345	-1.22002293105924
CPT0217420009	PCD-P	1.00268268260774	1.18674664777306	-0.527643441118391	0.309630407889594
CPT0217700010	PCD-A	0.104973586290082	0.291504023654361	0.734578137779927	-0.499437798289639
CPT0218280009	PCD-A	0.869997450302877	0.416422148415688	0.280445658567527	-0.549056282114051
CPT0219360009	PCD-A	-0.62381072172819	-0.897532734260514	0.116305442336549	0.0687434329169111
CPT0221200009	PCD-A	0.725075325648972	1.38562591472676	-1.12581693565713	1.459696385877
CPT0221240010	PCD-NF	-0.234551053336781	0.743826157451132	1.69312861010388	-2.31353566191598
CPT0221470011	PCD-FA	-2.57217879702505	-1.93391210994889	-0.164833051760656	1.30417622759428
CPT0221650009	PCD-NF	0.189866954472018	0.642091838079237	-0.338573921409214	-0.522529792493702
CPT0222730009	PCD-PN	-0.292914092015351	1.11390404956027	0.703531246277699	-1.56091840559404
CPT0223790009	PCD-NF	-0.798564426762545	-1.3541704492906	2.23683987064115	-1.97545981346002
CPT0225380009	PCD-PN	-0.0519357183568128	2.1550806528598	0.565369543520328	-1.29669163420453
CPT0226490010	PCD-A	0.300723224809906	-1.24507673238799	1.16884988763395	-0.749678927150382
CPT0226530014	PCD-FA	-0.838546571407241	-0.883047499126475	0.534677557728035	0.290713636781919
CPT0226570010	PCD-A	-0.279065456292003	-1.79028999729903	0.790102168110465	0.223036443492946
CPT0226600010	PCD-P	0.921734738428858	0.157705535527985	0.714747841216453	-1.41213516435211
CPT0226650010	PCD-P	0.592484995225541	0.5681819586699	0.336036107761759	-0.856293169325278
CPT0226760010	PCD-A	-0.333751041387622	1.23766595833861	-1.38424056362009	1.72698434347503
CPT0227400009	PCD-A	1.16410601056288	-1.13313343527327	-0.31754148206119	-0.322326276867585
CPT0227930010	PCD-FA	-1.78551513167416	-1.36440575918812	0.908209490447171	0.975215178953399
CPT0233120013	PCD-NF	0.518553795457763	0.886731064524733	1.50654873451641	-2.74438759475859
CPT0233320009	PCD-NF	1.43501074593126	0.651547607109341	-0.0330871009976169	-1.41103940777941
CPT0233600009	PCD-A	0.959822933213775	-0.474324195816243	0.857808693619734	-0.776850511318548
CPT0234560009	PCD-A	-2.3831533917212	-0.485740406804994	-0.260039382791808	1.19840866536648
CPT0234790009	PCD-FA	-1.05933582560514	-1.14366701561374	0.618367334678168	-0.066130889387592
CPT0234930010	PCD-NF	0.823596967588902	-1.45560627172114	-0.42994493170853	0.809639196438413
CPT0236420009	PCD-NF	-0.0563984813426774	-1.87209475463923	1.19089653068017	-1.01773523614122
CPT0236560010	PCD-NF	0.0746334989448747	-0.526441584715503	1.32753900350352	-1.18747985953405
CPT0236700011	PCD-NF	-0.338686310427439	-0.910177712256995	1.52770553326528	-0.903576335398644
CPT0236780011	PCD-A	-0.248542939064695	1.36440000342651	-1.05801779433081	1.11093970254535
CPT0237060010	PCD-A	1.81126305073505	-0.29571966868469	-1.7974082126852	0.299074533636805
CPT0237200010	PCD-NF	-0.658616375389822	-0.109298557946044	1.25438586146561	-0.78742579620914
CPT0237270008	PCD-FA	-0.49527187155767	-1.33367171427118	1.00544793138269	0.192242293588771
CPT0237410010	PCD-NF	0.0385470357240107	0.679086792245615	1.46997188550263	-1.03681833460394
CPT0237550007	PCD-NF	-0.493453688078205	-0.258667508275889	1.18425063204525	-1.33193157473004
CPT0237690010	PCD-P	0.559771872123798	1.12321684389706	1.31198888532092	-1.07748786767434
CPT0237760009	PCD-NF	-2.04637781417626	1.54624168140039	1.93024801552389	-1.40507195588888
CPT0237910010	PCD-FA	-0.0553313618860423	-1.6730203662891	-0.255022252897243	0.604882566186863
CPT0237970007	PCD-A	0.0694806204933476	0.0891280115195327	-0.543791113575118	0.15407357265403
CPT0238040011	PCD-PN	0.137174076161924	-0.216178076780386	-1.59565839480439	1.93691276701802
CPT0238110007	PCD-FA	0.810721146134196	0.136854895403715	0.050445478368937	0.625552314957549
CPT0238530011	PCD-A	-0.0365643850161343	-0.352446547666693	-0.565850024578066	0.702434427727956
CPT0238610015	PCD-P	0.322479873255668	1.59705955553441	0.930520078977906	-1.28400415016193
CPT0238820011	PCD-FA	0.102704248949861	-0.3511576847128	-0.802534263157046	0.409397498048583
CPT0238920010	PCD-NF	0.254286081737707	-0.0868434834348185	1.16296855937684	-1.05055763558882
CPT0241170009	PCD-PN	0.134347822032547	0.413622589436969	-0.974828210805289	0.608123262486546
CPT0241320011	PCD-FA	0.194315034658596	-1.45109823985428	0.670266557674753	-0.278216415468165
CPT0241500010	PCD-NF	-0.234611264584286	0.737226188895109	1.1307144283164	-1.07038889736143
CPT0245780009	PCD-A	0.328813760767222	0.0456149306015935	-1.00182373237955	1.26152866491755
CPT0245830009	PCD-P	0.69835483504193	1.51199119498855	-0.197097873750818	0.353598914192341
CPT0245880009	PCD-A	-0.0322333720883845	-0.289256165706126	-0.22756680778912	0.686706357488305
CPT0246260007	PCD-A	1.28149668814693	-0.644253371877548	1.01725865550891	-0.900874544084453
CPT0246720009	PCD-A	0.158134330784027	1.32750904595051	1.3051269361808	-1.09540584906127
CPT0246810013	PCD-NF	0.376358822065457	0.91077952983672	-0.425348247169796	0.384330689846476
CPT0246940009	PCD-A	0.21611580009063	-1.048787328141	-0.0810813135345005	0.0976915723264127
CPT0246990009	PCD-NF	0.300163464223279	-0.407502114288278	1.21633391773303	-0.58709224014664
CPT0247040006	PCD-NF	0.0958136425167034	-0.663329891142078	1.1883212854999	0.0179170913690746
CPT0248410010	PCD-A	0.12700671647123	1.00294459448258	-2.40740243908171	2.12158620939825
CPT0248590014	PCD-P	-0.255979192504155	0.0999740704851132	0.302753895586592	-0.218257526999499
CPT0254680009	PCD-P	-0.0146462747132472	-0.859731862320816	0.698451357906066	-0.121648478271781
CPT0264150006	PCD-PN	0.0911996632749565	0.275778327054099	0.197850540856072	0.541310055508397
a04704c3-551a-4d55-8755-c30e6f8d1e8b	PCD-FA	-1.08191961290925	-0.895185133753355	1.93168865355775	-0.276969527215809
a0e4c6a1-c888-4b08-8a58-fe3be1d6ae56	PCD-FA	-1.71665959516935	0.908586709738228	0.183968937218694	0.888141794369022
a1a06007-fa8f-45cd-ba70-c1d0a14c208b	PCD-A	-1.54739439345697	0.847817158454388	-1.65847094648045	1.69744029957372
a1a54e1a-7b98-419d-ac26-63ae22ea3620	PCD-A	0.412978372833642	0.302797020550244	-0.465038655067679	0.338006507621495
a1b470d7-cce1-4f6a-b0f2-7c6b99692b37	PCD-A	1.95813065479492	0.74386128051182	-1.26897906301226	-0.147005222451672
a1e66fe5-9cc5-4d65-a28c-242188cd5742	PCD-PN	-0.342414921013803	-1.54364487675865	-1.07695445637311	0.665043548944271
a26f1b10-922f-4386-bfb2-5a050e4a513f__c7c01f70-d216-404a-b3b1-f5a7593a31d1	PCD-NF	-0.607838683960704	-0.241168702211518	-0.428422273802047	0.4470315060173
a2c3415a-9daf-4158-a28e-7e9aeef4cc71	PCD-PN	0.760403210632215	-0.925080005597083	-0.739903983787904	-0.329728503006387
a39099ff-a902-4e72-aa33-3e75822b9b3d	PCD-NF	-1.62803596916316	-0.839671617742354	-0.570245255713996	0.513421780249527
a3dc1947-6593-41d1-ad10-90ed193a638b	PCD-PN	0.978574827377818	0.412961808613357	1.06084488909581	-1.68174249549476
a4bc0ee4-afc0-4be7-ae3e-895c3c6d7a1e__b56317d0-f6a8-43b4-b50e-c995eec6e772	PCD-FA	-0.0496659527493434	-0.772783907132604	0.592607282634673	-0.208692168923754
a55424f0-5943-47f9-abd1-ee530352580d	PCD-NF	0.102090681072036	0.256731717844904	1.43408991116883	-1.42954945714486
a58b5126-18d2-4815-83d7-0223dc4d2174	PCD-FA	-0.509945959213627	-2.32254160859103	0.75911429252252	0.584250683440705
a591e530-d9c1-46fe-8060-3eb1e392cbcc	PCD-A	-2.46868075425277	-0.0471215631840148	-0.800338811685957	1.27354699731188
a65b241c-2559-4848-a0f7-c72cf6d63ddd	PCD-PN	-1.6249607682216	0.471742298463938	-1.02079647025612	1.3737192181306
a697d24a-7baf-48b0-9494-c75661b01db1	PCD-A	-0.717240185613771	0.912359377623756	-1.68353593065868	0.221429143082115
a6ca41bc-6ba5-4b25-b66d-167ec7356570__f05fe413-a3b8-45c5-b27f-6d7b2ccab32f	PCD-PN	-0.0732014070235375	0.931439914477458	0.45971908603775	-1.13325915319899
a6e3f038-7c41-4961-8833-3f9382d07281	PCD-A	0.311800676650534	-0.308741700026623	-1.14648592082297	1.31116512329966
a6ede44d-0206-4fc6-9888-2dea75a5cf46	PCD-NF	0.785835476156768	1.16350873082639	1.24711682071885	-1.56150144250517
a72e5c0f-014b-457f-bfc6-ed9e3ba0b707	PCD-PN	0.26931557763311	0.765407727538634	0.631573538847199	-0.504545003019552
a79f39da-704f-4996-ba09-623cfd885a7a	PCD-A	0.523827589149121	-1.29158549926345	-0.014783475242469	0.675744775863881
a7d2ad6a-b457-4385-b39e-57d6effb7d19	PCD-NF	-0.21311342393338	0.625104477831171	0.551839446782512	0.0264035018589419
a92d0378-51cb-40f7-860c-52a3d11aed4f	PCD-P	1.30804499021743	-0.0265006691033769	0.898156771690305	-0.803391743927085
a97759c2-180e-403b-abd3-e8d5f84d725f	PCD-NF	0.0472822507922245	0.969457856271012	0.922132408579765	0.128751923185741
a9a7faeb-967c-4919-8188-5f55b883df47	PCD-NF	-1.74113498512683	0.808574307382273	-0.121219144837645	-0.36460125684345
a9ab3b96-9285-4253-b646-3e81509a3623	PCD-NF	-0.211212510372687	-1.03664484509252	1.8851622938149	-1.82788503284077
a9ec9457-87b5-434d-b540-aea93b9fbfd0	PCD-P	-0.678374532470801	-0.0714984274967739	0.650238403385702	-0.181520067909886
ab2fe7af-7f25-4ef7-a75f-3ac499502d0d	PCD-A	2.14894479221135	2.39877285014995	-0.970369607463799	-0.802226799781284
ab7fb63d-47d5-4397-8db5-114956b95c09	PCD-NF	0.814304991490484	0.768123930081148	0.575683481737701	-0.755750166350562
ac44403c-4937-4aff-bbc5-7afbd968a321	PCD-A	1.49640124272462	0.201431281288795	0.45330254179332	-0.607659189613349
acf5935c-21cc-4051-9414-74efe7894f88	PCD-PN	-1.51484608587255	1.63216498649075	-2.05613282395858	0.983190350236009
ad855439-15f1-4e78-9d7d-9eefb5a9e0ef	PCD-PN	2.47597443204103	2.28564259772601	-1.9148408132293	-0.0990749582018987
add6e7d1-03ce-479c-bdd4-f39866357324	PCD-NF	0.520488358622681	-1.47157587656732	0.336447969577018	-0.703134806004091
addabf29-b512-442b-8429-7f1c62b9f546	PCD-P	-0.826147422912562	-1.1842918903379	0.322410515155547	0.29148133942594
af50d871-8b03-4c46-b8ec-1b9a89a329f5	PCD-NF	0.715313596428051	0.382789901369943	-2.00754917291851	0.380321742898324
b0474873-bbb2-4911-b163-e86be63c1ecd	PCD-A	0.663452404414815	1.29355070499789	-1.89908475450438	1.89024693707825
b0765dde-9bf8-405b-80a5-eaab76c77a30	PCD-PN	0.866236565484786	1.13804064908831	-0.413152034089798	-1.43487219506708
b09a93fd-ac3b-431a-a5de-4f860429ee57	PCD-NF	-0.937322820812616	-1.13586123811652	2.03345270733705	-2.23874462131426
b104b358-745c-4123-9113-9d32f17004e3	PCD-PN	1.30428751773276	0.657236565530572	1.30877179225034	-1.60584984242556
b119ca57-d85a-46ca-bd8b-1451e1703d89	PCD-A	0.280795172939555	-0.429123793885539	-0.433150309269417	0.343230294052964
b1740653-9043-4e40-955b-5a6e348a0a9f	PCD-A	0.0235248242989968	-0.361553036992344	-3.49911859406595	1.62871059813098
b31d4d14-7aff-445e-b550-d0769c771011	PCD-A	0.00483424147112861	-1.39376798904234	-0.0396210905152136	0.143155469828975
b3bace22-0c0d-4466-bf43-0445f90fbdd9	PCD-FA	-1.17527330640308	-0.299888453891774	0.78556831243631	-0.90834784529709
b509f5d4-08d5-4e4e-8b02-eef8f9de0190	PCD-NF	-0.595382526100796	0.252612112696913	0.767202311303566	0.0221655494356521
b5a48fac-f425-42ac-ad39-978efdf66e8e	PCD-NF	-1.92848753588583	0.578314652225793	-0.519472477545646	0.814348847416906
b620794a-4693-40b6-bec9-4312001f9d11	PCD-P	1.67199206933925	1.62169908848575	0.236534824076523	-0.763794906855247
b67a10a4-1866-44a2-bb68-1a8ec8652427	PCD-A	1.36063584464606	0.472515071067982	-1.14503106685488	1.52193701352867
b6edf615-6f46-413a-90df-7d4ec8430730	PCD-PN	0.146067381462352	1.47144084143092	0.995539161587948	-2.55274652453511
b71e6d8f-332b-437f-812f-c813c6131f8b	PCD-NF	-0.297541954196667	-0.849208726682561	0.124617286354128	-0.516991963114315
b76720db-8d47-4c95-8b4b-b51ff66da8be__c40bf848-8c4e-43cb-98d2-2820c621e2c8__eb2b29db-2b40-44b2-8e2e-d83ff4b9dd96	PCD-NF	-0.541591848777364	2.90303677607282	-0.579196727789404	-0.430946415109071
b77cc044-fcc5-47e2-b0c8-148c161d0586	PCD-A	1.23599117313706	1.10866122937839	0.163415689828012	-0.83582419317861
b810329d-ed2e-43ff-8f6e-1fc47139d523	PCD-PN	-1.03170482910529	-0.256172888370083	-0.313210345591774	-0.213183861255946
b87c5150-707b-4c18-a920-36941442c41a__bf70b142-4d9e-4718-93b6-9a3642c311f6	PCD-A	0.582109642788741	-0.490858042333727	-1.39449233255645	0.57637541212654
b8952cfa-68f7-42da-a6fb-aac4357e0813	PCD-PN	1.31088016400722	1.03513148264633	0.865415178988587	-1.90529525071541
b8aab8b9-4434-4073-93ec-f14b342f74f1	PCD-FA	-0.673077082296102	-1.06786012709685	-1.0050554300986	2.15677348172167
b929b222-7355-476e-8718-766dcb5c04b7	PCD-A	-0.232427990841072	0.826502188468485	-1.75771719621227	-0.510518614201879
b9603cd7-40be-4952-93dd-76631666c251	PCD-FA	0.598309477356967	0.721140841405783	0.57657922753026	-0.247345589503374
ba585cef-1536-4a55-bf8f-06cf2d34b451	PCD-NF	0.109259306835227	0.227326342888913	1.86902898513893	-0.837732285286616
babf88e0-1797-4e2b-adf4-2327be343cf8	PCD-A	-0.786239427138773	-0.0391674747665259	0.541734601069696	0.0579241266666809
bac9d8f5-fb8c-41e8-a000-a249c6bfb69c	PCD-A	-1.52340111710766	-1.33257856386312	1.33635842108248	0.495986085285827
bad95903-cb7a-4db5-988a-c4d5c3135ec8	PCD-P	0.872344076213601	1.24421632139399	0.927795613721403	-0.944884002527876
baeaf28a-7619-43ea-8440-fc8e54ca3150	PCD-PN	1.23132922930944	0.787848281509716	-0.990214497405246	0.174476503727606
baee1813-ac46-4dc8-88d3-edada99c55f0	PCD-A	0.197494884246525	1.22131504987593	-1.06383161859171	0.404704025352233
bc1f7be1-a227-4656-94ad-6a9e83069924	PCD-PN	0.27569004708195	0.602947318316659	-0.81893407338309	1.87800341962295
bd5b96f6-b570-4ee8-b2e1-0131515cc980	PCD-PN	0.192360522066575	0.86950505869784	-1.55094189362612	0.968086353866559
be0ffcd2-e94d-440c-83b6-63a18b85d5e3	PCD-PN	0.956208252175606	0.0335939021620495	0.976590470282438	-2.05172750231315
bf27a624-3523-41f8-ab24-4dd700c60824	PCD-PN	-0.00403805718437327	-0.393134606594694	0.0589274559305178	0.267862212688201
bf6dce62-7b0e-4fbe-b888-5bca72a7691d	PCD-A	0.912114966977378	-0.821086330836171	0.185990231747545	0.265715781902522
bfd77e02-72a1-48b3-b5fc-1d8b9d53d6fb	PCD-A	1.34558325885133	1.32440854115998	-0.972074248570158	-0.223952549488658
c058bf93-3aa5-4a87-974a-9936736c84fd	PCD-PN	-0.266600599309217	0.556579698691872	-0.544573225218901	0.617726784120752
c10aea56-f0f2-4315-aa2c-e8e16230fba8	PCD-FA	-0.84976588820684	-1.59928450173365	-0.0164626240763885	0.806035387875358
c11320ab-4222-4cda-926d-cf04c4d9226b	PCD-NF	0.604272650588508	0.979055437195343	-0.146023896404504	-0.685832567689693
c11dea96-6d94-4659-af5f-b0b7976eda74__f748d5c0-30cc-4f4f-ac56-cec93a75db5b	PCD-NF	-1.60773605143416	-1.24745083834104	1.33993547363432	-0.999046498937704
c1f54a2a-9aa5-453a-ab5f-787f76128ef0	PCD-NF	-1.10542774023503	0.866196049765491	0.803751711715621	-0.301453106664106
c216d883-4767-4659-965c-1b5b340b606f	PCD-P	-0.578275568345892	0.408894889509726	0.937149624989949	-0.326343800692617
c2209f8b-f56d-4dca-98c7-4bb845d1ac6f	PCD-A	-1.23759486817483	0.505753315607594	0.384912157411127	-0.346834965916451
c23f3c5e-2a9d-4434-9f96-b229d2faf016	PCD-FA	-0.269556572485789	-0.187646109540007	-0.365604661273319	0.917741409255981
c29a9399-df2b-451d-a988-7f7cdc4ef2fd__f8fbd3fd-9493-48c1-84f0-09228b4079fe	PCD-FA	0.417370648168468	-0.638607542508122	-0.607563674625359	0.0268754336388717
c2d2959f-ee41-40f5-92f8-845ca44959a5	PCD-A	1.35570218979844	1.95596477673866	-0.818874090424897	-0.650070636348087
c43c4d5e-a8de-46a8-9ae9-f0146341c6d7	PCD-A	-0.504014750692319	0.843118051485104	-0.717506237899905	0.474481931705543
c4f7fe7a-7ddc-4733-8ed6-3124990adbf6	PCD-PN	0.0891267929588634	0.110301053669158	-0.702003698150125	-0.290957459595175
c5148c96-4b2e-4980-9276-ad2ccedb3e2b	PCD-PN	-0.0968991611372374	1.0946761450744	-0.0647277689991745	0.538662476137937
c5396292-8d85-4964-bda6-4c6d76abe6e9	PCD-A	1.16259596858917	0.510203461849564	-1.14038362559537	0.0548183588030952
c592c1c2-b8c8-42b8-867e-79208cb14155__db794355-9d14-4917-ac65-fccf0951ef4b	PCD-FA	-1.02815961350361	-0.843440930394951	0.0992741759445185	0.0204522518294791
c5af6bca-cd47-4917-832a-93654fea593f	PCD-FA	-0.261736164287804	1.24583415178584	0.806043979508808	-0.779247908445885
c5c4e6ac-2064-4e56-9882-8d87368ac077	PCD-FA	0.778166522085902	-1.60480554328779	-0.63245648557895	0.220442711547834
c613046a-5d1a-4e22-b27e-c5e06098e2e0	PCD-A	1.73223738803452	0.479552444344617	-0.0448936641365488	0.251780476336903
c61ab2cf-e3cb-49c4-bfce-879417d1f31b	PCD-P	0.0756331526814825	1.63854041570705	0.118503098295014	-1.32859006626032
c64fd59d-d632-47fe-af37-fbfe86b645a4	PCD-FA	-0.639883942791191	-2.31498106482752	-0.224812759908036	1.16251546980199
c6cb701b-98e7-479b-858d-48725a02f55c	PCD-NF	-0.37522064834143	-0.914525085690349	0.0201450668590545	0.169663300748429
c6ecab9f-2e5e-45ef-8ae0-a17414a8334c	PCD-P	1.67344962918214	0.492229306762594	-0.145391931544694	-1.78375065551841
c7641f5f-63de-4e12-8bd5-6cf17dd656ca	PCD-NF	-1.50492981446885	-0.40722679267479	0.0418640910202795	1.14123665272486
c80138f1-132b-472a-a97c-9913f0deee49	PCD-A	-1.39559061730649	-0.42582274500076	0.748441159975949	-0.0439158391354738
c8154cb8-d29e-47f2-891c-d631f25ab41b	PCD-FA	-0.147062354411227	1.20786304851484	0.518873629272331	0.111098467936817
c824c302-ad94-4f6b-bb8e-cdb514dc3a98	PCD-A	-1.17532973215653	-1.92475113092082	-0.484934367944655	0.691342237498257
c8b12790-eaf5-4871-8d4d-7e6b0e9d3e61	PCD-FA	-0.245626008045334	0.947824083408979	0.349353590228064	0.848158780007215
c9ca18fc-17a5-400c-994b-1e8e56a6c6e6	PCD-A	0.807677263216078	1.06386968938928	-0.924350530599953	0.824983183928926
c9d1072d-dac7-4b55-a97f-78cc0f307846__edbc129b-de5f-4bb6-b48f-5b5c67669813	PCD-A	-0.677933084302755	0.618630133356237	-0.440593350292673	0.301018713862652
c9f5cfe7-4255-475a-a447-4925ca06df67	PCD-NF	-1.01742006373516	0.468540442840605	0.401762523448247	0.0324564548928972
c9fde988-dd85-4476-98e6-f485d8a0efb1	PCD-A	0.560563413819013	-0.54433796040929	-1.18866117176686	0.793616777500044
cab22c50-fcd7-410e-8056-55499be518a4	PCD-P	0.657943972861623	-1.02010921568966	-0.113402713660049	0.491787494786042
cb6b2cc0-d840-4968-837c-b3b833adfc52	PCD-NF	-1.27565063212552	-0.381161742198492	-0.997071876112301	1.40248084765478
cbf52837-021a-4e8a-9b10-e19be07e3422	PCD-A	0.270523683751454	-0.321497512063837	-2.0477663758315	1.23234137654925
ccbd2b27-cd6e-4457-91e8-2c6e7e166502	PCD-PN	0.822321889105771	1.12986358635196	0.317982985958578	-1.10816670902704
cce8f445-8bcd-4832-91c6-be4bb7b57501	PCD-A	-0.0861966309256939	-1.10721911248023	-1.27649316834808	1.22028429362242
cd73583e-3622-4ee1-9e57-6f6a708a3520	PCD-A	0.537842829399987	-0.413632094565065	0.0834871690648527	0.24091784966453
cd9498e0-51f6-4f70-838e-588501dd6b88	PCD-NF	-2.48102476156588	0.186961380312774	0.496391992819314	0.000341212162137296
ce7723b5-9182-4e56-860e-3655d873692b	PCD-P	1.07046310798462	0.034133219672156	0.587995470792005	-0.785825763394891
cf3b68e8-4fea-46a4-b0bf-85f0619bebdb	PCD-A	0.317448021806866	-0.266280901974301	0.352367753329315	-0.486415754713125
d04691e2-a8d9-4842-8c83-11dde8b1d8d5	PCD-FA	-0.652580116560697	-2.95294758645091	2.91454839986537	-1.81312576091861
d066647b-c078-42c5-acd0-13b0bfe49959	PCD-A	0.21933078357327	-1.02092424743299	0.564225423516189	-0.607717006656021
d19689e2-1b16-43bc-a133-83208877fa4e	PCD-PN	-0.868347152770159	-0.266173140992542	0.301094267793386	-0.328923177741842
d1bffb2b-ae09-463b-8893-5ceb2f85c6fc	PCD-P	0.165537113822468	0.582442289842696	-0.351363020610739	0.752918606356067
d2496178-3956-4b2f-a639-885555955cf7	PCD-A	0.750595063326814	1.36576553918406	-0.0520044659544219	-0.0796660778344155
d26c2302-61f3-48c9-a7f3-53e383d24b19	PCD-P	1.3956425917699	0.907959908593149	1.15151640496625	-1.37007626478407
d2f9e322-5b2c-46f9-b3f3-b64e1489b177	PCD-NF	1.14134172685494	0.691522840047075	0.739552818665073	-1.17356369327264
d348aec0-d9cd-4e39-a1cf-546c73c5c286	PCD-FA	-0.177195244858407	-0.446688299065332	-0.749087128710351	0.162836643164224
d48924d0-6757-4d9c-aed4-d92459a370f6	PCD-PN	-2.17883346485305	-1.54291123709144	0.753535207681335	-0.360480922734584
d48a2efe-a809-4b8a-ba2a-11b866fa9882__f573a3bb-f782-4f1a-8678-c04d69c253bc	PCD-P	0.198820362380016	1.81271725034929	-0.526652975064907	-0.34890961242842
d4a4c09e-5294-4979-ac8c-acdff883835e	PCD-PN	0.638816066864153	-2.78997690646574	2.44442407721988	-1.16032062445856
d4d7019b-9786-45a1-89fd-ccb4005dce06	PCD-A	0.149311284455577	-0.76144236687901	-1.85987418927568	1.55933525872804
d6b39b65-979c-41ad-a640-c254a36073ae	PCD-FA	0.804518681783344	0.494926479656864	1.16308556105118	-1.40891655032325
d6dba5d3-59b9-4a78-8006-92b8cee19c3a	PCD-A	-1.38576180926066	-1.48035307923286	0.264306526249274	1.05904982729793
d6df09b5-7b6c-4697-89f9-6f72072d81eb	PCD-PN	0.553047733423326	-1.18645694148527	-0.523705028002016	0.0967312431519669
d6ec5533-e8b6-4a14-a455-cf81730938ad	PCD-P	0.0105139776393041	-0.193279779567217	2.51152138513089	-1.96843181385517
d7ecc946-7366-48cf-9cbf-0c79efdf0f74	PCD-P	0.773394773621415	-1.44666863545468	1.19962706476172	0.170892196903397
d9976d69-ead1-4b60-ad9d-be92238bc853	PCD-FA	0.24783677174584	0.209694566938649	-0.787227823595764	-0.0380252293095839
d9d67912-ec84-42ad-81a8-43f3296a8c73	PCD-PN	1.05582001952019	0.325127240129383	0.693664447675186	-1.52960491710818
da4334cc-2278-47fb-8e01-451cf0f95721	PCD-A	-0.110284566610483	-0.13967751199487	-0.858961612403182	0.458380169149156
da8993a8-d120-43a6-9a93-65aced75ed19	PCD-PN	0.124434795865983	-0.0175566538875311	0.390659236590229	0.140233810358103
dab1d0d1-3eec-41d6-96ba-8f16cc3e60f5	PCD-A	-0.590899435369664	-2.14646161983547	-1.53995862869394	2.21208225630614
dad37a12-aeb5-4be4-8908-33f5456a9c84	PCD-FA	-2.84647370470074	-3.11246376243308	1.09960531977173	0.404166753139437
db874cae-5da2-44a4-b591-df37c8a4e33e	PCD-P	0.58974188889411	1.12640527246393	-0.175075380963856	0.226830103648561
dcab0130-fe37-4b2a-b280-fb1e38438687	PCD-NF	-0.306259806977605	0.952622512158272	0.0435802663767901	-1.37614769931705
dd3272de-d4f5-4ff4-bbda-30d47103684a	PCD-NF	0.854532592494602	-1.42000954034594	-0.894932568978447	1.79777483828046
dd343138-9979-4195-b511-ae913bfcb131	PCD-P	0.113968584262162	-0.463390791336808	-0.303519646475728	0.0705096558278182
dd3c759c-45a1-4737-bd4a-8280db9283e8	PCD-NF	0.0441445696089608	0.0353455071015459	0.438896093260634	-0.657489176269872
ddea2e45-72c5-4ca8-a55a-d2877579f9ed	PCD-FA	0.641330426010165	-1.37681588699132	0.314006955879663	0.0999912030755213
ddfd522e-b2e2-46a3-8e15-1be2a023b152	PCD-A	-1.30804974768142	0.119943509471578	-1.22491516963586	1.54520040350885
de3436d8-8799-406d-85fc-d5440df00f7f	PCD-FA	-0.437432607563594	0.00496383734869996	0.0290884203923544	0.979656766274022
de6f8f22-5218-4a49-b680-d07360a3733c	PCD-A	-0.134263892561848	0.431678525663523	-1.05298433317961	1.87022821700097
de8493f8-9416-433c-af3c-a50bd44afcc1	PCD-FA	1.27119423047695	1.70116027152823	0.763578054885546	-0.346301515783678
dea659ae-bc02-4c94-95a3-67a774f1350a	PCD-NF	-0.0758232520476155	-0.527197253273585	-0.337983971461328	-0.42329054468647
deae7e20-a45c-4bcf-b5d1-c59ec0a97a2d	PCD-PN	-2.21506076905106	-0.679062497669044	-1.10905576060707	1.04230978825308
deebc8ef-52d4-43d0-8739-194383726bb6	PCD-FA	-1.90589452353719	-0.158437357802632	-0.198970824796616	0.799836067744351
df48e9d9-cb57-4ff8-b714-5232c4113e46	PCD-A	-1.29600429316874	-0.175914222196757	-1.12807973598189	2.06963773824016
df5a1bbd-ebc1-4280-8115-1bc2ebe5fe5c	PCD-NF	-1.43783692895716	-0.526571436458024	0.431782671350196	0.80790153133281
e0dab8ee-9d6e-4a1d-bf3e-602dfd262baf	PCD-PN	0.697548292313975	-1.60328461003706	-1.57678837185307	0.863204867875391
e10d2ef8-b134-4929-9d01-756e3419d452	PCD-A	0.652626833027549	-0.434482772989127	-1.01718437395796	0.421288402965314
e267b485-8da1-42aa-8686-4057bc718d4b	PCD-NF	1.09900413318028	0.00243715749813369	1.73771100352069	-2.56268014290517
e2850021-f01b-4529-a99f-9e2d485f73b0	PCD-A	-1.64981658781588	-0.131573796118429	0.574120987953013	0.170971852757606
e2dea305-497f-45dd-85a4-f4c16d629019	PCD-A	0.170210125015386	0.0103096807425884	-1.56703195819534	1.29838700599861
e2e50097-4d54-46cc-99da-a7996b0803c4	PCD-NF	0.293892200077283	-0.00793880965390039	0.0730250682928682	0.0650594215817723
e2f7dd9c-a07b-4069-be57-ca3c6887fae8	PCD-A	0.423397673956191	-0.245219030405338	-0.257560246780578	0.0041616524042925
e35f16ca-6e38-467a-9610-323b2e518f13	PCD-NF	0.870260886889796	0.232349887887576	-0.503132320307814	-0.876246138040182
e4622ef1-a3f3-4d9e-92a5-e244bbfa781c	PCD-NF	-0.617581885846732	-0.264616971705882	1.3347483998173	-0.603262507382274
e497c851-36d4-4176-8df0-07d7936e5947	PCD-A	1.352444188881	0.55914420732184	-0.87253881555926	1.11245399352924
e4ecc162-058a-41e2-b20e-5cdebdcf17d4	PCD-PN	-0.649051070058307	0.0867911915203963	-0.331997943783787	0.966586460961937
e5730709-8f12-4e76-94d5-a437b18909b5	PCD-A	0.666357230400607	-0.4708481666522	-0.631367689337505	0.746831998925666
e5d59176-fcd3-4164-ba43-276c7454ab22	PCD-FA	-1.49938444074217	-1.25816031498401	1.0453804044026	-0.330911103297423
e5d6c0f6-ae27-4825-989b-bf95c47422c6	PCD-FA	-0.313098621278479	0.354183356877503	0.589771802954359	0.160502271295061
e65b4a25-b2eb-47cf-b01a-a3164f687520	PCD-P	0.458117185253926	0.0556454486121115	0.773578193080672	-0.834979683924959
e6efeeda-c61f-4243-ab9c-9138ced0f9aa	PCD-PN	1.2386868487194	-0.238804652860267	-0.833938315976166	0.149790787625126
e7c40e1c-44ab-46cb-8440-458f815f7244	PCD-NF	1.1328602737354	2.29395038356664	-0.959267502190058	0.130678417329423
e8dd0bc0-09e8-460c-81cb-ca5baaf676fb	PCD-NF	-0.318348864466174	1.11978519813688	0.598474769389463	0.171049510296719
e94bafbc-cfcc-4b38-ab40-c87f2c091466	PCD-NF	0.885821641010364	-0.152367675766084	1.16394960167531	-1.78682580097632
e9dac183-b6d2-4cf0-a54f-537a8386d08f	PCD-NF	-1.97859795606972	-0.873215353809165	0.432795106024336	1.01761272645696
ea3f82f1-e426-401b-93ed-4c7bdc50eba6	PCD-A	1.3563586203849	-0.627114200398221	-1.27576732234641	0.476521058325927
ea726162-4209-46b6-ba6c-ed27975b0702	PCD-PN	1.09294766111918	-0.0505065657062725	0.209452533200008	-0.970619356292327
ea932d51-cbd6-48bb-9026-c819e69ee118	PCD-FA	-0.241920546367432	1.09568262683907	0.744682236604177	-1.15100088243624
ecf9bf66-72fe-45bb-92a7-889ddcec58f4	PCD-FA	-0.808218117863422	-2.27694301707044	-1.11075643501658	1.6039873764975
edb19d15-2ba2-4ca4-aee0-ec76bdf4b0e2	PCD-P	0.99443489671705	-1.4080012660869	0.00165532061451626	0.49123531644906
ee91b5d3-5e87-41c5-9cda-ddafa2409de1	PCD-NF	-1.71494218521565	-1.22745031757659	1.28723976764157	-1.11130263104301
eeaa8593-c34d-41cb-8b29-f5989cbfcadd	PCD-A	0.70206031252649	0.253012034742705	-1.88975888219518	0.378389883735005
eedf6c37-be48-4eb6-a90f-8de19c657541	PCD-PN	0.536619629503994	0.0759735435627922	-0.991682385331814	0.0857020212690845
eefa3a1d-e084-4b9b-9d14-f169fe2aa583	PCD-PN	0.299586328549141	-0.887765550459705	0.433645885754111	-0.34873461015669
ef4bbe7e-d06f-46b8-8161-c55b24262446	PCD-FA	1.13569575548218	-0.373027096811854	0.576249375471504	0.230269016650479
ef54b470-891d-4678-98bb-e3573ad1eb91	PCD-NF	-0.155276401441092	0.181804959598049	1.16027191710682	-2.17035108274686
efa8c3d4-e157-47cf-9aa3-d17ca84f449a	PCD-A	0.610710984425083	-1.13654040354222	1.08372306244621	-0.171073832024822
efeb7246-cbba-461f-a693-d2b5376c52cd	PCD-A	1.45144766867101	-0.498898060485289	-0.239539754818062	-0.50281475677727
f00c43ea-35be-4e90-8854-8c03cbc46b50	PCD-P	-0.856632180014903	0.358649514056183	-1.24119106409215	0.249211816142009
f0218576-ada3-47fb-978e-3d07f4d07666	PCD-A	0.867151912852296	-1.11028993280656	2.29892055270756	-1.40448803155927
f05f2138-a92d-447b-98bd-0805b8ae1211	PCD-P	1.90475745198052	0.830069776399405	0.940524117998344	-1.56380325691336
f0c934a8-4c7f-4167-84f2-41966479d55f	PCD-PN	0.275261574847883	1.17972983084886	0.908753084281759	-2.49772986150123
f19f7c3f-795b-41cf-b632-dfdd9d53e8cb	PCD-PN	0.445545443147614	1.2278872468313	0.310144518784259	-1.02654938463571
f1a06fdd-8997-419f-9efe-a7e39e0deedb	PCD-A	-0.613233384049196	0.664518047920598	-0.0802417877624905	0.346521479400129
f1e7d41b-802b-47f1-8cef-a17cd4817d37	PCD-P	3.145154542183	1.60427649828598	-1.60335993575267	-0.432766636995525
f1fe8ed0-b21f-44c3-9d95-8c7a99aa3f86__fa27999e-f86a-43bc-9e79-0dd62efaee45	PCD-FA	-0.289391136056572	0.136155729009961	-1.02726249536899	0.594192421630601
f24bdea5-658f-4b4d-8b66-52b77b851290	PCD-NF	0.34781115371128	1.17834253966037	-0.699928095100128	-0.266719597357341
f2cf780a-e262-4349-bc39-9f126bbec4d3	PCD-PN	-0.795754192755245	1.34805038174945	-0.643862060998265	-0.401180263592296
f313a8e8-6539-4448-8ebf-a38f35638899	PCD-A	0.79193038084266	0.169036268418909	-0.994654457863536	1.40038678517225
f3146a02-8bcf-4517-b66e-17c71f8ea869	PCD-FA	-1.45489642026345	-0.971964989653717	-0.0966616725472789	1.31963579395017
f337b2f5-e689-43bc-904a-2ab7cd9b3ecd	PCD-A	-1.29106482360757	-1.95898612957678	-0.475210507339979	2.04459529256697
f3925dad-54f8-4eb7-afaa-f4efb43bf36e	PCD-P	-0.850375154886951	0.0753402754395245	1.46188828533487	-1.72277089324374
f453fef1-0be0-412d-9777-81fcdae4d74a	PCD-A	-0.0231349088041486	-0.398804725587374	0.272633152407245	0.853627612270424
f45c05d5-f454-405f-b61f-47950292e7b9	PCD-PN	0.633565608861542	-0.139986111771408	-0.20638290306384	-0.586448113214152
f477b266-2020-4309-9836-50d7ead88615	PCD-PN	-0.594703086054154	-1.11169118967347	1.09890314545099	-0.307423402873312
f4a35ac3-33b3-4c83-9b72-5a484ca93609	PCD-A	0.471725139769149	0.42663489380705	-0.763545811534743	0.269785193137655
f53a319a-f2a1-4ed0-9ba7-b08cc30c51fe	PCD-NF	-0.108244697622542	-1.06122828803868	1.1994328440107	-1.36481538987463
f55d0d3a-4cde-42e0-bcd8-434d178584b9	PCD-PN	0.623744710939075	1.13175021835489	-0.200984862681698	-0.603983855807738
f58734bc-79f0-4be6-8b72-dd42bf9e0e16	PCD-PN	-1.22578019464359	-0.181444145617584	-1.18208957713077	0.215799746974212
f595cc43-0d41-4720-aa34-a6639ec83a01	PCD-P	0.646533467116305	-0.603467195366777	-0.184662367101844	-0.283313647530065
f6b130cd-12bf-47fa-8e11-c46f58941e4d	PCD-NF	0.280593190684233	-0.179241678614724	0.0318817017332116	-1.55024023559945
f7dff1bd-6d4f-4c2c-8e51-964c07ca3976	PCD-NF	0.720197664089899	-0.139553289090706	0.627879653723156	-0.569765300815261
f7ea3163-5f54-47f0-bc3d-92b1e2d76135	PCD-A	-0.07753583850433	-0.238117442713852	0.241329743707717	-0.0140018074556091
f8756add-b285-4a9b-bd68-0d53e845919f	PCD-P	1.19757628664234	-1.67339913523258	1.46158437326397	-1.86843049638864
f9201b9d-3204-4a2f-a0a7-3313a9627afa	PCD-PN	-0.87664338748617	0.365586196409548	0.141907376199924	-0.303073252858539
f9b6fd25-7ae4-45ff-bf3f-e4060efe7ac7	PCD-A	0.134636232546821	1.34553158199001	0.321936980058314	-0.826737635406588
f9f55b3e-27db-4c81-92d9-d441a7ee4683	PCD-FA	0.51367278520869	-0.803344063463765	-0.157795589919528	0.467674604821821
fa649760-f617-4f9b-a0c0-3b47f3605986	PCD-FA	-0.268283250544617	-0.0175964173026531	0.95476577108025	-0.138697823394056
fab13eb4-2c65-4db7-bac8-6ee2d5107b5c	PCD-PN	0.0341141598214956	-0.412427524673575	0.66244575160433	-0.335447293533737
faeeaa0c-90cb-403b-a125-3179cd34e7fd	PCD-FA	-0.0550040209612677	-0.171149425946624	0.438254451705326	0.958524313604216
fb1066e1-d9ec-44e0-89c6-57f5b77f099c	PCD-PN	-0.650755578237669	-0.393566373047214	-0.456952411503964	-0.203298610597463
fb1f2148-150b-4a52-91ae-1806b914b23a	PCD-A	-1.35265843262836	0.609444317502976	0.298768231970122	0.673027825488554
fc256821-41c9-47f2-9957-4532e21a40cd	PCD-PN	0.717420491359966	-0.180722888773886	1.66442302223367	-0.844670435887937
fc840a34-752e-4dd5-9512-d567b6ddf71c	PCD-FA	0.00169593886887626	-0.690023403040161	-0.526230144183056	1.23809974583917
fcaba096-2f2d-4611-8feb-2a55d6b0fa1a	PCD-NF	-0.0422618109543684	0.0647784991955157	0.085352240400688	-0.270728000398734
fd1f030b-2bd5-447b-bb55-e62e5cace785	PCD-FA	-0.475375486959084	-2.20742164022395	-1.64535661007813	1.71173343264
fd5947da-62ba-4cee-8746-c7039524878d	PCD-P	0.931350510818311	-0.27206237514187	0.108356636827997	-0.17867823176767
fe3dea76-3ac8-4e45-80c5-6c2b0c9077d7	PCD-PN	-0.645815769551957	-0.925684184823318	0.721207512087001	0.133278249185541
fe3fff51-2a05-4fb7-8f59-dcd1173a4f52	PCD-FA	-1.01069692258023	-2.17911911958347	1.28761885453386	0.0423150110691985
feead7bf-e439-40ce-b1fe-23f06df0c5d6	PCD-P	1.78976328698267	-0.0707571766125676	1.41940071041042	-1.85514328714862
ff431be2-733c-46e9-9195-7db7cfd50346	PCD-FA	-0.85607330428585	0.314513049267916	0.477809459095907	0.144074909511857
ffab5eb4-6466-4722-ab69-298bb3262429	PCD-FA	-0.191299073010333	-1.54347834491985	-0.807464546052618	1.36008622072874
